date,county,fips,confirmed,deaths
4/1/2020,Albany,0500000US36001,240,2
4/1/2020,Allegany,0500000US36003,10,1
4/1/2020,Broome,0500000US36007,42,4
4/1/2020,Cattaraugus,0500000US36009,7,0
4/1/2020,Cayuga,0500000US36011,3,0
4/1/2020,Chautauqua,0500000US36013,10,1
4/1/2020,Chemung,0500000US36015,22,0
4/1/2020,Chenango,0500000US36017,26,0
4/1/2020,Clinton,0500000US36019,25,0
4/1/2020,Columbia,0500000US36021,41,1
4/1/2020,Cortland,0500000US36023,10,0
4/1/2020,Delaware,0500000US36025,20,0
4/1/2020,Dutchess,0500000US36027,547,5
4/1/2020,Erie,0500000US36029,553,12
4/1/2020,Essex,0500000US36031,6,0
4/1/2020,Franklin,0500000US36033,9,0
4/1/2020,Fulton,0500000US36035,2,0
4/1/2020,Genesee,0500000US36037,13,1
4/1/2020,Greene,0500000US36039,18,0
4/1/2020,Hamilton,0500000US36041,2,0
4/1/2020,Herkimer,0500000US36043,16,2
4/1/2020,Jefferson,0500000US36045,12,0
4/1/2020,Lewis,0500000US36049,2,0
4/1/2020,Livingston,0500000US36051,14,0
4/1/2020,Madison,0500000US36053,67,2
4/1/2020,Monroe,0500000US36055,349,9
4/1/2020,Montgomery,0500000US36057,7,0
4/1/2020,Nassau,0500000US36059,9555,76
4/1/2020,New York City,0500000US,47440,1374
4/1/2020,Niagara,0500000US36063,46,0
4/1/2020,Oneida,0500000US36065,50,1
4/1/2020,Onondaga,0500000US36067,249,1
4/1/2020,Ontario,0500000US36069,24,0
4/1/2020,Orange,0500000US36071,1756,25
4/1/2020,Orleans,0500000US36073,6,0
4/1/2020,Oswego,0500000US36075,17,2
4/1/2020,Otsego,0500000US36077,19,1
4/1/2020,Putnam,0500000US36079,207,0
4/1/2020,Rensselaer,0500000US36083,60,0
4/1/2020,Rockland,0500000US36087,3321,29
4/1/2020,Saratoga,0500000US36091,122,1
4/1/2020,Schenectady,0500000US36093,93,0
4/1/2020,Schoharie,0500000US36095,8,0
4/1/2020,Schuyler,0500000US36097,2,0
4/1/2020,Seneca,0500000US36099,2,0
4/1/2020,St. Lawrence,0500000US36089,34,0
4/1/2020,Steuben,0500000US36101,38,0
4/1/2020,Suffolk,0500000US36103,7605,69
4/1/2020,Sullivan,0500000US36105,121,4
4/1/2020,Tioga,0500000US36107,7,0
4/1/2020,Tompkins,0500000US36109,68,0
4/1/2020,Ulster,0500000US36111,222,3
4/1/2020,Warren,0500000US36113,18,0
4/1/2020,Washington,0500000US36115,10,0
4/1/2020,Wayne,0500000US36117,24,0
4/1/2020,Westchester,0500000US36119,10683,25
4/1/2020,Wyoming,0500000US36121,10,1
4/2/2020,Albany,0500000US36001,253,2
4/2/2020,Allegany,0500000US36003,12,1
4/2/2020,Broome,0500000US36007,46,4
4/2/2020,Cattaraugus,0500000US36009,8,0
4/2/2020,Cayuga,0500000US36011,6,0
4/2/2020,Chautauqua,0500000US36013,10,1
4/2/2020,Chemung,0500000US36015,22,0
4/2/2020,Chenango,0500000US36017,28,0
4/2/2020,Clinton,0500000US36019,25,0
4/2/2020,Columbia,0500000US36021,41,2
4/2/2020,Cortland,0500000US36023,10,0
4/2/2020,Delaware,0500000US36025,23,1
4/2/2020,Dutchess,0500000US36027,667,9
4/2/2020,Erie,0500000US36029,734,19
4/2/2020,Essex,0500000US36031,6,0
4/2/2020,Franklin,0500000US36033,9,0
4/2/2020,Fulton,0500000US36035,6,0
4/2/2020,Genesee,0500000US36037,17,1
4/2/2020,Greene,0500000US36039,21,0
4/2/2020,Hamilton,0500000US36041,2,0
4/2/2020,Herkimer,0500000US36043,16,2
4/2/2020,Jefferson,0500000US36045,15,0
4/2/2020,Lewis,0500000US36049,3,0
4/2/2020,Livingston,0500000US36051,18,1
4/2/2020,Madison,0500000US36053,77,2
4/2/2020,Monroe,0500000US36055,420,10
4/2/2020,Montgomery,0500000US36057,8,0
4/2/2020,Nassau,0500000US36059,10587,95
4/2/2020,New York City,0500000US,51810,1562
4/2/2020,Niagara,0500000US36063,91,0
4/2/2020,Oneida,0500000US36065,68,1
4/2/2020,Onondaga,0500000US36067,301,2
4/2/2020,Ontario,0500000US36069,31,0
4/2/2020,Orange,0500000US36071,2048,30
4/2/2020,Orleans,0500000US36073,6,0
4/2/2020,Oswego,0500000US36075,28,2
4/2/2020,Otsego,0500000US36077,21,1
4/2/2020,Putnam,0500000US36079,236,0
4/2/2020,Rensselaer,0500000US36083,67,1
4/2/2020,Rockland,0500000US36087,3751,42
4/2/2020,Saratoga,0500000US36091,132,1
4/2/2020,Schenectady,0500000US36093,101,5
4/2/2020,Schoharie,0500000US36095,8,0
4/2/2020,Schuyler,0500000US36097,3,0
4/2/2020,Seneca,0500000US36099,5,0
4/2/2020,St. Lawrence,0500000US36089,42,0
4/2/2020,Steuben,0500000US36101,49,1
4/2/2020,Suffolk,0500000US36103,8746,84
4/2/2020,Sullivan,0500000US36105,156,5
4/2/2020,Tioga,0500000US36107,8,0
4/2/2020,Tompkins,0500000US36109,87,0
4/2/2020,Ulster,0500000US36111,243,3
4/2/2020,Warren,0500000US36113,19,0
4/2/2020,Washington,0500000US36115,13,0
4/2/2020,Wayne,0500000US36117,27,0
4/2/2020,Westchester,0500000US36119,11566,67
4/2/2020,Wyoming,0500000US36121,15,1
4/2/2020,Yates,0500000US36123,2,0
4/3/2020,Albany,0500000US36001,267,4
4/3/2020,Allegany,0500000US36003,12,1
4/3/2020,Broome,0500000US36007,46,4
4/3/2020,Cattaraugus,0500000US36009,8,0
4/3/2020,Cayuga,0500000US36011,6,0
4/3/2020,Chautauqua,0500000US36013,10,1
4/3/2020,Chemung,0500000US36015,22,0
4/3/2020,Chenango,0500000US36017,28,0
4/3/2020,Clinton,0500000US36019,25,0
4/3/2020,Columbia,0500000US36021,41,2
4/3/2020,Cortland,0500000US36023,10,0
4/3/2020,Delaware,0500000US36025,23,1
4/3/2020,Dutchess,0500000US36027,809,9
4/3/2020,Erie,0500000US36029,802,22
4/3/2020,Essex,0500000US36031,6,0
4/3/2020,Franklin,0500000US36033,9,0
4/3/2020,Fulton,0500000US36035,6,0
4/3/2020,Genesee,0500000US36037,17,1
4/3/2020,Greene,0500000US36039,21,0
4/3/2020,Hamilton,0500000US36041,2,0
4/3/2020,Herkimer,0500000US36043,16,2
4/3/2020,Jefferson,0500000US36045,15,0
4/3/2020,Lewis,0500000US36049,3,0
4/3/2020,Livingston,0500000US36051,18,1
4/3/2020,Madison,0500000US36053,77,2
4/3/2020,Monroe,0500000US36055,464,14
4/3/2020,Montgomery,0500000US36057,8,0
4/3/2020,Nassau,0500000US36059,12024,138
4/3/2020,New York City,0500000US,57160,1867
4/3/2020,Niagara,0500000US36063,91,0
4/3/2020,Oneida,0500000US36065,68,1
4/3/2020,Onondaga,0500000US36067,301,2
4/3/2020,Ontario,0500000US36069,31,0
4/3/2020,Orange,0500000US36071,2397,30
4/3/2020,Orleans,0500000US36073,6,0
4/3/2020,Oswego,0500000US36075,28,2
4/3/2020,Otsego,0500000US36077,21,1
4/3/2020,Putnam,0500000US36079,236,0
4/3/2020,Rensselaer,0500000US36083,71,1
4/3/2020,Rockland,0500000US36087,4289,42
4/3/2020,Saratoga,0500000US36091,132,1
4/3/2020,Schenectady,0500000US36093,101,5
4/3/2020,Schoharie,0500000US36095,8,0
4/3/2020,Schuyler,0500000US36097,3,0
4/3/2020,Seneca,0500000US36099,5,0
4/3/2020,St. Lawrence,0500000US36089,42,0
4/3/2020,Steuben,0500000US36101,49,1
4/3/2020,Suffolk,0500000US36103,10154,96
4/3/2020,Sullivan,0500000US36105,156,5
4/3/2020,Tioga,0500000US36107,8,0
4/3/2020,Tompkins,0500000US36109,87,0
4/3/2020,Ulster,0500000US36111,243,3
4/3/2020,Unknown,0500000US,37,608
4/3/2020,Warren,0500000US36113,19,0
4/3/2020,Washington,0500000US36115,13,0
4/3/2020,Wayne,0500000US36117,27,0
4/3/2020,Westchester,0500000US36119,12350,67
4/3/2020,Wyoming,0500000US36121,15,1
4/3/2020,Yates,0500000US36123,2,0
4/4/2020,Albany,0500000US36001,293,6
4/4/2020,Allegany,0500000US36003,16,1
4/4/2020,Broome,0500000US36007,65,4
4/4/2020,Cattaraugus,0500000US36009,8,0
4/4/2020,Cayuga,0500000US36011,8,0
4/4/2020,Chautauqua,0500000US36013,12,0
4/4/2020,Chemung,0500000US36015,36,0
4/4/2020,Chenango,0500000US36017,39,0
4/4/2020,Clinton,0500000US36019,31,0
4/4/2020,Columbia,0500000US36021,61,3
4/4/2020,Cortland,0500000US36023,14,0
4/4/2020,Delaware,0500000US36025,30,1
4/4/2020,Dutchess,0500000US36027,938,11
4/4/2020,Erie,0500000US36029,945,26
4/4/2020,Essex,0500000US36031,7,0
4/4/2020,Franklin,0500000US36033,10,0
4/4/2020,Fulton,0500000US36035,9,0
4/4/2020,Genesee,0500000US36037,21,1
4/4/2020,Greene,0500000US36039,27,0
4/4/2020,Hamilton,0500000US36041,2,0
4/4/2020,Herkimer,0500000US36043,22,3
4/4/2020,Jefferson,0500000US36045,20,0
4/4/2020,Lewis,0500000US36049,5,0
4/4/2020,Livingston,0500000US36051,18,1
4/4/2020,Madison,0500000US36053,77,2
4/4/2020,Monroe,0500000US36055,512,17
4/4/2020,Montgomery,0500000US36057,13,1
4/4/2020,Nassau,0500000US36059,13346,396
4/4/2020,New York City,0500000US,63307,2254
4/4/2020,Niagara,0500000US36063,103,0
4/4/2020,Oneida,0500000US36065,80,2
4/4/2020,Onondaga,0500000US36067,349,4
4/4/2020,Ontario,0500000US36069,35,0
4/4/2020,Orange,0500000US36071,2741,51
4/4/2020,Orleans,0500000US36073,10,0
4/4/2020,Oswego,0500000US36075,30,2
4/4/2020,Otsego,0500000US36077,26,2
4/4/2020,Putnam,0500000US36079,283,9
4/4/2020,Rensselaer,0500000US36083,73,1
4/4/2020,Rockland,0500000US36087,4872,69
4/4/2020,Saratoga,0500000US36091,141,1
4/4/2020,Schenectady,0500000US36093,117,6
4/4/2020,Schoharie,0500000US36095,11,0
4/4/2020,Schuyler,0500000US36097,4,0
4/4/2020,Seneca,0500000US36099,6,0
4/4/2020,St. Lawrence,0500000US36089,58,0
4/4/2020,Steuben,0500000US36101,64,1
4/4/2020,Suffolk,0500000US36103,12328,175
4/4/2020,Sullivan,0500000US36105,193,5
4/4/2020,Tioga,0500000US36107,8,0
4/4/2020,Tompkins,0500000US36109,87,0
4/4/2020,Ulster,0500000US36111,318,4
4/4/2020,Unknown,0500000US,0,309
4/4/2020,Warren,0500000US36113,20,1
4/4/2020,Washington,0500000US36115,17,1
4/4/2020,Wayne,0500000US36117,30,0
4/4/2020,Westchester,0500000US36119,13080,197
4/4/2020,Wyoming,0500000US36121,18,1
4/4/2020,Yates,0500000US36123,2,0
4/5/2020,Albany,0500000US36001,305,8
4/5/2020,Allegany,0500000US36003,16,1
4/5/2020,Broome,0500000US36007,71,4
4/5/2020,Cattaraugus,0500000US36009,10,0
4/5/2020,Cayuga,0500000US36011,8,0
4/5/2020,Chautauqua,0500000US36013,12,0
4/5/2020,Chemung,0500000US36015,38,0
4/5/2020,Chenango,0500000US36017,43,0
4/5/2020,Clinton,0500000US36019,33,0
4/5/2020,Columbia,0500000US36021,61,3
4/5/2020,Cortland,0500000US36023,14,0
4/5/2020,Delaware,0500000US36025,30,1
4/5/2020,Dutchess,0500000US36027,1077,11
4/5/2020,Erie,0500000US36029,1059,27
4/5/2020,Essex,0500000US36031,7,0
4/5/2020,Franklin,0500000US36033,10,0
4/5/2020,Fulton,0500000US36035,9,0
4/5/2020,Genesee,0500000US36037,22,1
4/5/2020,Greene,0500000US36039,27,0
4/5/2020,Hamilton,0500000US36041,2,0
4/5/2020,Herkimer,0500000US36043,22,3
4/5/2020,Jefferson,0500000US36045,26,0
4/5/2020,Lewis,0500000US36049,8,0
4/5/2020,Livingston,0500000US36051,19,1
4/5/2020,Madison,0500000US36053,89,2
4/5/2020,Monroe,0500000US36055,548,19
4/5/2020,Montgomery,0500000US36057,15,1
4/5/2020,Nassau,0500000US36059,14398,396
4/5/2020,New York City,0500000US,67552,2472
4/5/2020,Niagara,0500000US36063,116,0
4/5/2020,Oneida,0500000US36065,87,2
4/5/2020,Onondaga,0500000US36067,349,4
4/5/2020,Ontario,0500000US36069,35,0
4/5/2020,Orange,0500000US36071,3102,51
4/5/2020,Orleans,0500000US36073,11,0
4/5/2020,Oswego,0500000US36075,30,2
4/5/2020,Otsego,0500000US36077,29,2
4/5/2020,Putnam,0500000US36079,314,9
4/5/2020,Rensselaer,0500000US36083,74,1
4/5/2020,Rockland,0500000US36087,5362,69
4/5/2020,Saratoga,0500000US36091,148,1
4/5/2020,Schenectady,0500000US36093,128,7
4/5/2020,Schoharie,0500000US36095,11,0
4/5/2020,Schuyler,0500000US36097,4,0
4/5/2020,Seneca,0500000US36099,9,0
4/5/2020,St. Lawrence,0500000US36089,58,0
4/5/2020,Steuben,0500000US36101,64,1
4/5/2020,Suffolk,0500000US36103,12933,175
4/5/2020,Sullivan,0500000US36105,234,5
4/5/2020,Tioga,0500000US36107,8,0
4/5/2020,Tompkins,0500000US36109,95,0
4/5/2020,Ulster,0500000US36111,358,4
4/5/2020,Unknown,0500000US,0,678
4/5/2020,Warren,0500000US36113,25,1
4/5/2020,Washington,0500000US36115,18,1
4/5/2020,Wayne,0500000US36117,32,0
4/5/2020,Westchester,0500000US36119,13722,197
4/5/2020,Wyoming,0500000US36121,22,1
4/5/2020,Yates,0500000US36123,2,0
4/6/2020,Albany,0500000US36001,319,9
4/6/2020,Allegany,0500000US36003,17,1
4/6/2020,Broome,0500000US36007,76,5
4/6/2020,Cattaraugus,0500000US36009,15,0
4/6/2020,Cayuga,0500000US36011,11,1
4/6/2020,Chautauqua,0500000US36013,15,0
4/6/2020,Chemung,0500000US36015,47,0
4/6/2020,Chenango,0500000US36017,46,0
4/6/2020,Clinton,0500000US36019,36,0
4/6/2020,Columbia,0500000US36021,70,3
4/6/2020,Cortland,0500000US36023,15,0
4/6/2020,Delaware,0500000US36025,32,1
4/6/2020,Dutchess,0500000US36027,1189,12
4/6/2020,Erie,0500000US36029,1163,30
4/6/2020,Essex,0500000US36031,7,0
4/6/2020,Franklin,0500000US36033,10,0
4/6/2020,Fulton,0500000US36035,9,0
4/6/2020,Genesee,0500000US36037,23,1
4/6/2020,Greene,0500000US36039,27,0
4/6/2020,Hamilton,0500000US36041,2,0
4/6/2020,Herkimer,0500000US36043,25,3
4/6/2020,Jefferson,0500000US36045,33,0
4/6/2020,Lewis,0500000US36049,8,0
4/6/2020,Livingston,0500000US36051,26,1
4/6/2020,Madison,0500000US36053,92,2
4/6/2020,Monroe,0500000US36055,574,23
4/6/2020,Montgomery,0500000US36057,15,1
4/6/2020,Nassau,0500000US36059,15616,535
4/6/2020,New York City,0500000US,72181,3485
4/6/2020,Niagara,0500000US36063,130,0
4/6/2020,Oneida,0500000US36065,100,2
4/6/2020,Onondaga,0500000US36067,377,6
4/6/2020,Ontario,0500000US36069,39,0
4/6/2020,Orange,0500000US36071,3397,47
4/6/2020,Orleans,0500000US36073,13,0
4/6/2020,Oswego,0500000US36075,33,2
4/6/2020,Otsego,0500000US36077,34,2
4/6/2020,Putnam,0500000US36079,345,12
4/6/2020,Rensselaer,0500000US36083,78,1
4/6/2020,Rockland,0500000US36087,5703,76
4/6/2020,Saratoga,0500000US36091,153,1
4/6/2020,Schenectady,0500000US36093,138,7
4/6/2020,Schoharie,0500000US36095,11,0
4/6/2020,Schuyler,0500000US36097,4,0
4/6/2020,Seneca,0500000US36099,9,0
4/6/2020,St. Lawrence,0500000US36089,63,0
4/6/2020,Steuben,0500000US36101,73,4
4/6/2020,Suffolk,0500000US36103,14473,237
4/6/2020,Sullivan,0500000US36105,259,7
4/6/2020,Tioga,0500000US36107,9,0
4/6/2020,Tompkins,0500000US36109,98,0
4/6/2020,Ulster,0500000US36111,382,4
4/6/2020,Unknown,0500000US,2091,728
4/6/2020,Warren,0500000US36113,26,1
4/6/2020,Washington,0500000US36115,19,1
4/6/2020,Wayne,0500000US36117,34,0
4/6/2020,Westchester,0500000US36119,14293,253
4/6/2020,Wyoming,0500000US36121,23,1
4/6/2020,Yates,0500000US36123,2,0
4/7/2020,Albany,0500000US36001,333,9
4/7/2020,Allegany,0500000US36003,17,1
4/7/2020,Broome,0500000US36007,86,5
4/7/2020,Cattaraugus,0500000US36009,13,0
4/7/2020,Cayuga,0500000US36011,14,1
4/7/2020,Chautauqua,0500000US36013,16,0
4/7/2020,Chemung,0500000US36015,49,0
4/7/2020,Chenango,0500000US36017,51,0
4/7/2020,Clinton,0500000US36019,37,0
4/7/2020,Columbia,0500000US36021,72,3
4/7/2020,Cortland,0500000US36023,16,0
4/7/2020,Delaware,0500000US36025,36,1
4/7/2020,Dutchess,0500000US36027,1249,15
4/7/2020,Erie,0500000US36029,1163,36
4/7/2020,Essex,0500000US36031,7,0
4/7/2020,Franklin,0500000US36033,10,0
4/7/2020,Fulton,0500000US36035,13,0
4/7/2020,Genesee,0500000US36037,33,1
4/7/2020,Greene,0500000US36039,24,0
4/7/2020,Hamilton,0500000US36041,2,0
4/7/2020,Herkimer,0500000US36043,32,3
4/7/2020,Jefferson,0500000US36045,39,0
4/7/2020,Lewis,0500000US36049,8,0
4/7/2020,Livingston,0500000US36051,28,1
4/7/2020,Madison,0500000US36053,92,2
4/7/2020,Monroe,0500000US36055,596,31
4/7/2020,Montgomery,0500000US36057,18,1
4/7/2020,Nassau,0500000US36059,16610,620
4/7/2020,New York City,0500000US,76876,4009
4/7/2020,Niagara,0500000US36063,143,0
4/7/2020,Oneida,0500000US36065,118,2
4/7/2020,Onondaga,0500000US36067,377,7
4/7/2020,Ontario,0500000US36069,39,0
4/7/2020,Orange,0500000US36071,3599,76
4/7/2020,Orleans,0500000US36073,15,0
4/7/2020,Oswego,0500000US36075,34,2
4/7/2020,Otsego,0500000US36077,34,2
4/7/2020,Putnam,0500000US36079,366,13
4/7/2020,Rensselaer,0500000US36083,91,3
4/7/2020,Rockland,0500000US36087,5990,119
4/7/2020,Saratoga,0500000US36091,163,3
4/7/2020,Schenectady,0500000US36093,145,8
4/7/2020,Schoharie,0500000US36095,12,0
4/7/2020,Schuyler,0500000US36097,4,0
4/7/2020,Seneca,0500000US36099,10,0
4/7/2020,St. Lawrence,0500000US36089,63,0
4/7/2020,Steuben,0500000US36101,79,4
4/7/2020,Suffolk,0500000US36103,15561,266
4/7/2020,Sullivan,0500000US36105,270,7
4/7/2020,Tioga,0500000US36107,10,0
4/7/2020,Tompkins,0500000US36109,102,0
4/7/2020,Ulster,0500000US36111,402,5
4/7/2020,Warren,0500000US36113,31,1
4/7/2020,Washington,0500000US36115,19,1
4/7/2020,Wayne,0500000US36117,35,0
4/7/2020,Westchester,0500000US36119,14804,304
4/7/2020,Wyoming,0500000US36121,23,1
4/7/2020,Yates,0500000US36123,2,0
4/8/2020,Albany,0500000US36001,342,10
4/8/2020,Allegany,0500000US36003,21,0
4/8/2020,Broome,0500000US36007,88,6
4/8/2020,Cattaraugus,0500000US36009,15,0
4/8/2020,Cayuga,0500000US36011,15,1
4/8/2020,Chautauqua,0500000US36013,17,1
4/8/2020,Chemung,0500000US36015,55,1
4/8/2020,Chenango,0500000US36017,53,0
4/8/2020,Clinton,0500000US36019,39,0
4/8/2020,Columbia,0500000US36021,72,4
4/8/2020,Cortland,0500000US36023,16,0
4/8/2020,Delaware,0500000US36025,37,0
4/8/2020,Dutchess,0500000US36027,1395,16
4/8/2020,Erie,0500000US36029,1205,38
4/8/2020,Essex,0500000US36031,7,0
4/8/2020,Franklin,0500000US36033,10,0
4/8/2020,Fulton,0500000US36035,14,0
4/8/2020,Genesee,0500000US36037,47,0
4/8/2020,Greene,0500000US36039,25,0
4/8/2020,Hamilton,0500000US36041,2,0
4/8/2020,Herkimer,0500000US36043,32,1
4/8/2020,Jefferson,0500000US36045,40,0
4/8/2020,Lewis,0500000US36049,8,0
4/8/2020,Livingston,0500000US36051,28,0
4/8/2020,Madison,0500000US36053,92,1
4/8/2020,Monroe,0500000US36055,651,27
4/8/2020,Montgomery,0500000US36057,18,1
4/8/2020,Nassau,0500000US36059,18548,701
4/8/2020,New York City,0500000US,81803,4571
4/8/2020,Niagara,0500000US36063,143,0
4/8/2020,Oneida,0500000US36065,125,2
4/8/2020,Onondaga,0500000US36067,377,9
4/8/2020,Ontario,0500000US36069,39,0
4/8/2020,Orange,0500000US36071,3865,68
4/8/2020,Orleans,0500000US36073,16,0
4/8/2020,Oswego,0500000US36075,34,0
4/8/2020,Otsego,0500000US36077,38,2
4/8/2020,Putnam,0500000US36079,403,15
4/8/2020,Rensselaer,0500000US36083,91,1
4/8/2020,Rockland,0500000US36087,6413,98
4/8/2020,Saratoga,0500000US36091,167,1
4/8/2020,Schenectady,0500000US36093,149,9
4/8/2020,Schoharie,0500000US36095,12,0
4/8/2020,Schuyler,0500000US36097,4,0
4/8/2020,Seneca,0500000US36099,12,0
4/8/2020,St. Lawrence,0500000US36089,69,0
4/8/2020,Steuben,0500000US36101,82,3
4/8/2020,Suffolk,0500000US36103,15844,328
4/8/2020,Sullivan,0500000US36105,279,7
4/8/2020,Tioga,0500000US36107,12,0
4/8/2020,Tompkins,0500000US36109,102,0
4/8/2020,Ulster,0500000US36111,422,2
4/8/2020,Warren,0500000US36113,33,1
4/8/2020,Washington,0500000US36115,20,0
4/8/2020,Wayne,0500000US36117,39,0
4/8/2020,Westchester,0500000US36119,15887,343
4/8/2020,Wyoming,0500000US36121,27,0
4/8/2020,Yates,0500000US36123,2,0
4/9/2020,Albany,0500000US36001,379,12
4/9/2020,Allegany,0500000US36003,22,0
4/9/2020,Broome,0500000US36007,105,6
4/9/2020,Cattaraugus,0500000US36009,17,0
4/9/2020,Cayuga,0500000US36011,16,1
4/9/2020,Chautauqua,0500000US36013,18,1
4/9/2020,Chemung,0500000US36015,59,2
4/9/2020,Chenango,0500000US36017,55,0
4/9/2020,Clinton,0500000US36019,40,0
4/9/2020,Columbia,0500000US36021,70,4
4/9/2020,Cortland,0500000US36023,16,0
4/9/2020,Delaware,0500000US36025,37,0
4/9/2020,Dutchess,0500000US36027,1493,21
4/9/2020,Erie,0500000US36029,1362,46
4/9/2020,Essex,0500000US36031,8,0
4/9/2020,Franklin,0500000US36033,11,0
4/9/2020,Fulton,0500000US36035,15,0
4/9/2020,Genesee,0500000US36037,56,0
4/9/2020,Greene,0500000US36039,28,0
4/9/2020,Hamilton,0500000US36041,3,0
4/9/2020,Herkimer,0500000US36043,32,1
4/9/2020,Jefferson,0500000US36045,42,0
4/9/2020,Lewis,0500000US36049,6,0
4/9/2020,Livingston,0500000US36051,26,1
4/9/2020,Madison,0500000US36053,91,1
4/9/2020,Monroe,0500000US36055,698,31
4/9/2020,Montgomery,0500000US36057,28,1
4/9/2020,Nassau,0500000US36059,20140,778
4/9/2020,New York City,0500000US,87028,5150
4/9/2020,Niagara,0500000US36063,146,0
4/9/2020,Oneida,0500000US36065,158,2
4/9/2020,Onondaga,0500000US36067,358,10
4/9/2020,Ontario,0500000US36069,43,0
4/9/2020,Orange,0500000US36071,4090,79
4/9/2020,Orleans,0500000US36073,22,0
4/9/2020,Oswego,0500000US36075,36,0
4/9/2020,Otsego,0500000US36077,39,2
4/9/2020,Putnam,0500000US36079,438,16
4/9/2020,Rensselaer,0500000US36083,79,3
4/9/2020,Rockland,0500000US36087,6665,117
4/9/2020,Saratoga,0500000US36091,172,1
4/9/2020,Schenectady,0500000US36093,167,9
4/9/2020,Schoharie,0500000US36095,12,0
4/9/2020,Schuyler,0500000US36097,4,0
4/9/2020,Seneca,0500000US36099,15,0
4/9/2020,St. Lawrence,0500000US36089,76,1
4/9/2020,Steuben,0500000US36101,89,3
4/9/2020,Suffolk,0500000US36103,17413,369
4/9/2020,Sullivan,0500000US36105,294,7
4/9/2020,Tioga,0500000US36107,17,0
4/9/2020,Tompkins,0500000US36109,105,0
4/9/2020,Ulster,0500000US36111,460,2
4/9/2020,Warren,0500000US36113,40,1
4/9/2020,Washington,0500000US36115,25,0
4/9/2020,Wayne,0500000US36117,39,0
4/9/2020,Westchester,0500000US36119,17004,389
4/9/2020,Wyoming,0500000US36121,29,0
4/9/2020,Yates,0500000US36123,1,0
4/10/2020,Albany,0500000US36001,426,14
4/10/2020,Allegany,0500000US36003,26,0
4/10/2020,Broome,0500000US36007,112,6
4/10/2020,Cattaraugus,0500000US36009,18,0
4/10/2020,Cayuga,0500000US36011,27,1
4/10/2020,Chautauqua,0500000US36013,20,1
4/10/2020,Chemung,0500000US36015,59,2
4/10/2020,Chenango,0500000US36017,60,0
4/10/2020,Clinton,0500000US36019,43,0
4/10/2020,Columbia,0500000US36021,74,4
4/10/2020,Cortland,0500000US36023,17,0
4/10/2020,Delaware,0500000US36025,39,0
4/10/2020,Dutchess,0500000US36027,1598,25
4/10/2020,Erie,0500000US36029,1409,58
4/10/2020,Essex,0500000US36031,10,0
4/10/2020,Franklin,0500000US36033,11,0
4/10/2020,Fulton,0500000US36035,18,0
4/10/2020,Genesee,0500000US36037,65,0
4/10/2020,Greene,0500000US36039,34,0
4/10/2020,Hamilton,0500000US36041,3,0
4/10/2020,Herkimer,0500000US36043,36,1
4/10/2020,Jefferson,0500000US36045,43,0
4/10/2020,Lewis,0500000US36049,6,0
4/10/2020,Livingston,0500000US36051,29,1
4/10/2020,Madison,0500000US36053,99,1
4/10/2020,Monroe,0500000US36055,742,35
4/10/2020,Montgomery,0500000US36057,29,1
4/10/2020,Nassau,0500000US36059,21512,890
4/10/2020,New York City,0500000US,92384,5663
4/10/2020,Niagara,0500000US36063,156,1
4/10/2020,Oneida,0500000US36065,172,2
4/10/2020,Onondaga,0500000US36067,369,11
4/10/2020,Ontario,0500000US36069,51,0
4/10/2020,Orange,0500000US36071,4532,91
4/10/2020,Orleans,0500000US36073,24,0
4/10/2020,Oswego,0500000US36075,36,0
4/10/2020,Otsego,0500000US36077,41,2
4/10/2020,Putnam,0500000US36079,487,18
4/10/2020,Rensselaer,0500000US36083,91,4
4/10/2020,Rockland,0500000US36087,7122,135
4/10/2020,Saratoga,0500000US36091,182,1
4/10/2020,Schenectady,0500000US36093,191,9
4/10/2020,Schoharie,0500000US36095,12,0
4/10/2020,Schuyler,0500000US36097,5,0
4/10/2020,Seneca,0500000US36099,15,0
4/10/2020,St. Lawrence,0500000US36089,78,1
4/10/2020,Steuben,0500000US36101,117,3
4/10/2020,Suffolk,0500000US36103,18692,425
4/10/2020,Sullivan,0500000US36105,318,7
4/10/2020,Tioga,0500000US36107,18,0
4/10/2020,Tompkins,0500000US36109,105,0
4/10/2020,Ulster,0500000US36111,530,2
4/10/2020,Warren,0500000US36113,43,1
4/10/2020,Washington,0500000US36115,26,0
4/10/2020,Wayne,0500000US36117,41,0
4/10/2020,Westchester,0500000US36119,18077,428
4/10/2020,Wyoming,0500000US36121,30,0
4/10/2020,Yates,0500000US36123,2,0
4/11/2020,Albany,0500000US36001,446,16
4/11/2020,Allegany,0500000US36003,26,0
4/11/2020,Broome,0500000US36007,117,6
4/11/2020,Cattaraugus,0500000US36009,19,0
4/11/2020,Cayuga,0500000US36011,28,1
4/11/2020,Chautauqua,0500000US36013,21,1
4/11/2020,Chemung,0500000US36015,60,2
4/11/2020,Chenango,0500000US36017,61,0
4/11/2020,Clinton,0500000US36019,43,0
4/11/2020,Columbia,0500000US36021,77,6
4/11/2020,Cortland,0500000US36023,17,0
4/11/2020,Delaware,0500000US36025,39,0
4/11/2020,Dutchess,0500000US36027,1744,27
4/11/2020,Erie,0500000US36029,1472,62
4/11/2020,Essex,0500000US36031,12,0
4/11/2020,Franklin,0500000US36033,11,0
4/11/2020,Fulton,0500000US36035,21,0
4/11/2020,Genesee,0500000US36037,67,0
4/11/2020,Greene,0500000US36039,37,0
4/11/2020,Hamilton,0500000US36041,3,0
4/11/2020,Herkimer,0500000US36043,37,1
4/11/2020,Jefferson,0500000US36045,44,0
4/11/2020,Lewis,0500000US36049,6,0
4/11/2020,Livingston,0500000US36051,30,1
4/11/2020,Madison,0500000US36053,99,1
4/11/2020,Monroe,0500000US36055,767,42
4/11/2020,Montgomery,0500000US36057,29,1
4/11/2020,Nassau,0500000US36059,22584,965
4/11/2020,New York City,0500000US,98308,6202
4/11/2020,Niagara,0500000US36063,167,2
4/11/2020,Oneida,0500000US36065,181,2
4/11/2020,Onondaga,0500000US36067,380,12
4/11/2020,Ontario,0500000US36069,56,0
4/11/2020,Orange,0500000US36071,4847,99
4/11/2020,Orleans,0500000US36073,24,0
4/11/2020,Oswego,0500000US36075,37,0
4/11/2020,Otsego,0500000US36077,43,2
4/11/2020,Putnam,0500000US36079,494,20
4/11/2020,Rensselaer,0500000US36083,96,4
4/11/2020,Rockland,0500000US36087,7477,153
4/11/2020,Saratoga,0500000US36091,187,1
4/11/2020,Schenectady,0500000US36093,194,10
4/11/2020,Schoharie,0500000US36095,12,0
4/11/2020,Schuyler,0500000US36097,5,0
4/11/2020,Seneca,0500000US36099,16,0
4/11/2020,St. Lawrence,0500000US36089,80,1
4/11/2020,Steuben,0500000US36101,119,3
4/11/2020,Suffolk,0500000US36103,19883,469
4/11/2020,Sullivan,0500000US36105,340,7
4/11/2020,Tioga,0500000US36107,19,0
4/11/2020,Tompkins,0500000US36109,108,0
4/11/2020,Ulster,0500000US36111,589,2
4/11/2020,Warren,0500000US36113,44,1
4/11/2020,Washington,0500000US36115,31,0
4/11/2020,Wayne,0500000US36117,42,0
4/11/2020,Westchester,0500000US36119,18729,505
4/11/2020,Wyoming,0500000US36121,31,0
4/11/2020,Yates,0500000US36123,2,0
4/12/2020,Albany,0500000US36001,478,16
4/12/2020,Allegany,0500000US36003,26,0
4/12/2020,Broome,0500000US36007,126,6
4/12/2020,Cattaraugus,0500000US36009,28,0
4/12/2020,Cayuga,0500000US36011,29,1
4/12/2020,Chautauqua,0500000US36013,22,1
4/12/2020,Chemung,0500000US36015,60,2
4/12/2020,Chenango,0500000US36017,63,0
4/12/2020,Clinton,0500000US36019,43,2
4/12/2020,Columbia,0500000US36021,79,8
4/12/2020,Cortland,0500000US36023,18,0
4/12/2020,Delaware,0500000US36025,39,0
4/12/2020,Dutchess,0500000US36027,1838,30
4/12/2020,Erie,0500000US36029,1571,75
4/12/2020,Essex,0500000US36031,12,0
4/12/2020,Franklin,0500000US36033,12,0
4/12/2020,Fulton,0500000US36035,21,0
4/12/2020,Genesee,0500000US36037,69,0
4/12/2020,Greene,0500000US36039,44,0
4/12/2020,Hamilton,0500000US36041,3,0
4/12/2020,Herkimer,0500000US36043,37,1
4/12/2020,Jefferson,0500000US36045,46,0
4/12/2020,Lewis,0500000US36049,6,0
4/12/2020,Livingston,0500000US36051,30,1
4/12/2020,Madison,0500000US36053,101,1
4/12/2020,Monroe,0500000US36055,798,42
4/12/2020,Montgomery,0500000US36057,29,1
4/12/2020,Nassau,0500000US36059,23553,1030
4/12/2020,New York City,0500000US,103208,6717
4/12/2020,Niagara,0500000US36063,183,5
4/12/2020,Oneida,0500000US36065,195,2
4/12/2020,Onondaga,0500000US36067,397,13
4/12/2020,Ontario,0500000US36069,57,1
4/12/2020,Orange,0500000US36071,5027,112
4/12/2020,Orleans,0500000US36073,25,0
4/12/2020,Oswego,0500000US36075,38,0
4/12/2020,Otsego,0500000US36077,43,2
4/12/2020,Putnam,0500000US36079,497,23
4/12/2020,Rensselaer,0500000US36083,105,6
4/12/2020,Rockland,0500000US36087,7721,166
4/12/2020,Saratoga,0500000US36091,196,1
4/12/2020,Schenectady,0500000US36093,199,12
4/12/2020,Schoharie,0500000US36095,12,0
4/12/2020,Schuyler,0500000US36097,5,0
4/12/2020,Seneca,0500000US36099,16,0
4/12/2020,St. Lawrence,0500000US36089,85,1
4/12/2020,Steuben,0500000US36101,121,4
4/12/2020,Suffolk,0500000US36103,20816,529
4/12/2020,Sullivan,0500000US36105,358,7
4/12/2020,Tioga,0500000US36107,19,0
4/12/2020,Tompkins,0500000US36109,109,2
4/12/2020,Ulster,0500000US36111,612,2
4/12/2020,Warren,0500000US36113,46,1
4/12/2020,Washington,0500000US36115,34,0
4/12/2020,Wayne,0500000US36117,42,0
4/12/2020,Westchester,0500000US36119,19313,562
4/12/2020,Wyoming,0500000US36121,31,0
4/12/2020,Yates,0500000US36123,3,0
4/13/2020,Albany,0500000US36001,499,17
4/13/2020,Allegany,0500000US36003,26,0
4/13/2020,Broome,0500000US36007,133,6
4/13/2020,Cattaraugus,0500000US36009,28,0
4/13/2020,Cayuga,0500000US36011,30,1
4/13/2020,Chautauqua,0500000US36013,23,1
4/13/2020,Chemung,0500000US36015,60,2
4/13/2020,Chenango,0500000US36017,65,0
4/13/2020,Clinton,0500000US36019,44,3
4/13/2020,Columbia,0500000US36021,80,9
4/13/2020,Cortland,0500000US36023,20,0
4/13/2020,Delaware,0500000US36025,42,0
4/13/2020,Dutchess,0500000US36027,1881,37
4/13/2020,Erie,0500000US36029,1624,86
4/13/2020,Essex,0500000US36031,12,0
4/13/2020,Franklin,0500000US36033,12,0
4/13/2020,Fulton,0500000US36035,21,0
4/13/2020,Genesee,0500000US36037,71,0
4/13/2020,Greene,0500000US36039,45,0
4/13/2020,Hamilton,0500000US36041,3,0
4/13/2020,Herkimer,0500000US36043,38,1
4/13/2020,Jefferson,0500000US36045,46,0
4/13/2020,Lewis,0500000US36049,6,0
4/13/2020,Livingston,0500000US36051,30,1
4/13/2020,Madison,0500000US36053,101,1
4/13/2020,Monroe,0500000US36055,823,43
4/13/2020,Montgomery,0500000US36057,29,1
4/13/2020,Nassau,0500000US36059,24358,1109
4/13/2020,New York City,0500000US,106764,7154
4/13/2020,Niagara,0500000US36063,189,5
4/13/2020,Oneida,0500000US36065,206,3
4/13/2020,Onondaga,0500000US36067,416,13
4/13/2020,Ontario,0500000US36069,57,1
4/13/2020,Orange,0500000US36071,5182,122
4/13/2020,Orleans,0500000US36073,26,0
4/13/2020,Oswego,0500000US36075,38,0
4/13/2020,Otsego,0500000US36077,43,3
4/13/2020,Putnam,0500000US36079,502,25
4/13/2020,Rensselaer,0500000US36083,113,6
4/13/2020,Rockland,0500000US36087,7965,182
4/13/2020,Saratoga,0500000US36091,201,1
4/13/2020,Schenectady,0500000US36093,204,12
4/13/2020,Schoharie,0500000US36095,12,0
4/13/2020,Schuyler,0500000US36097,5,0
4/13/2020,Seneca,0500000US36099,16,0
4/13/2020,St. Lawrence,0500000US36089,89,1
4/13/2020,Steuben,0500000US36101,123,5
4/13/2020,Suffolk,0500000US36103,21643,580
4/13/2020,Sullivan,0500000US36105,380,7
4/13/2020,Tioga,0500000US36107,20,0
4/13/2020,Tompkins,0500000US36109,110,2
4/13/2020,Ulster,0500000US36111,630,2
4/13/2020,Warren,0500000US36113,48,1
4/13/2020,Washington,0500000US36115,37,0
4/13/2020,Wayne,0500000US36117,42,0
4/13/2020,Westchester,0500000US36119,19785,610
4/13/2020,Wyoming,0500000US36121,31,3
4/13/2020,Yates,0500000US36123,4,0
4/14/2020,Albany,0500000US36001,535,21
4/14/2020,Allegany,0500000US36003,28,0
4/14/2020,Broome,0500000US36007,146,6
4/14/2020,Cattaraugus,0500000US36009,32,0
4/14/2020,Cayuga,0500000US36011,33,1
4/14/2020,Chautauqua,0500000US36013,23,1
4/14/2020,Chemung,0500000US36015,64,2
4/14/2020,Chenango,0500000US36017,68,0
4/14/2020,Clinton,0500000US36019,45,3
4/14/2020,Columbia,0500000US36021,84,10
4/14/2020,Cortland,0500000US36023,22,0
4/14/2020,Delaware,0500000US36025,45,0
4/14/2020,Dutchess,0500000US36027,1934,41
4/14/2020,Erie,0500000US36029,1668,99
4/14/2020,Essex,0500000US36031,12,0
4/14/2020,Franklin,0500000US36033,13,0
4/14/2020,Fulton,0500000US36035,22,0
4/14/2020,Genesee,0500000US36037,76,0
4/14/2020,Greene,0500000US36039,66,0
4/14/2020,Hamilton,0500000US36041,3,0
4/14/2020,Herkimer,0500000US36043,39,1
4/14/2020,Jefferson,0500000US36045,47,0
4/14/2020,Lewis,0500000US36049,7,0
4/14/2020,Livingston,0500000US36051,31,1
4/14/2020,Madison,0500000US36053,104,1
4/14/2020,Monroe,0500000US36055,850,47
4/14/2020,Montgomery,0500000US36057,32,1
4/14/2020,Nassau,0500000US36059,25250,1217
4/14/2020,New York City,0500000US,110465,7690
4/14/2020,Niagara,0500000US36063,197,6
4/14/2020,Oneida,0500000US36065,229,3
4/14/2020,Onondaga,0500000US36067,431,15
4/14/2020,Ontario,0500000US36069,61,2
4/14/2020,Orange,0500000US36071,5578,129
4/14/2020,Orleans,0500000US36073,31,0
4/14/2020,Oswego,0500000US36075,41,0
4/14/2020,Otsego,0500000US36077,44,3
4/14/2020,Putnam,0500000US36079,558,27
4/14/2020,Rensselaer,0500000US36083,120,7
4/14/2020,Rockland,0500000US36087,8335,192
4/14/2020,Saratoga,0500000US36091,224,1
4/14/2020,Schenectady,0500000US36093,235,12
4/14/2020,Schoharie,0500000US36095,20,0
4/14/2020,Schuyler,0500000US36097,6,0
4/14/2020,Seneca,0500000US36099,18,1
4/14/2020,St. Lawrence,0500000US36089,92,1
4/14/2020,Steuben,0500000US36101,147,5
4/14/2020,Suffolk,0500000US36103,22462,617
4/14/2020,Sullivan,0500000US36105,415,7
4/14/2020,Tioga,0500000US36107,24,0
4/14/2020,Tompkins,0500000US36109,112,2
4/14/2020,Ulster,0500000US36111,690,2
4/14/2020,Warren,0500000US36113,77,3
4/14/2020,Washington,0500000US36115,40,0
4/14/2020,Wayne,0500000US36117,48,0
4/14/2020,Westchester,0500000US36119,20191,654
4/14/2020,Wyoming,0500000US36121,32,3
4/14/2020,Yates,0500000US36123,6,0
4/15/2020,Albany,0500000US36001,548,26
4/15/2020,Allegany,0500000US36003,28,0
4/15/2020,Broome,0500000US36007,153,6
4/15/2020,Cattaraugus,0500000US36009,32,0
4/15/2020,Cayuga,0500000US36011,36,1
4/15/2020,Chautauqua,0500000US36013,24,1
4/15/2020,Chemung,0500000US36015,69,2
4/15/2020,Chenango,0500000US36017,71,0
4/15/2020,Clinton,0500000US36019,45,3
4/15/2020,Columbia,0500000US36021,96,11
4/15/2020,Cortland,0500000US36023,23,0
4/15/2020,Delaware,0500000US36025,46,0
4/15/2020,Dutchess,0500000US36027,2048,45
4/15/2020,Erie,0500000US36029,1751,110
4/15/2020,Essex,0500000US36031,12,0
4/15/2020,Franklin,0500000US36033,13,0
4/15/2020,Fulton,0500000US36035,24,0
4/15/2020,Genesee,0500000US36037,76,1
4/15/2020,Greene,0500000US36039,73,0
4/15/2020,Hamilton,0500000US36041,3,0
4/15/2020,Herkimer,0500000US36043,40,1
4/15/2020,Jefferson,0500000US36045,47,0
4/15/2020,Lewis,0500000US36049,7,0
4/15/2020,Livingston,0500000US36051,31,1
4/15/2020,Madison,0500000US36053,105,1
4/15/2020,Monroe,0500000US36055,884,48
4/15/2020,Montgomery,0500000US36057,32,1
4/15/2020,Nassau,0500000US36059,26715,1286
4/15/2020,New York City,0500000US,118302,8215
4/15/2020,Niagara,0500000US36063,204,6
4/15/2020,Oneida,0500000US36065,246,4
4/15/2020,Onondaga,0500000US36067,449,15
4/15/2020,Ontario,0500000US36069,62,2
4/15/2020,Orange,0500000US36071,5716,135
4/15/2020,Orleans,0500000US36073,33,0
4/15/2020,Oswego,0500000US36075,42,0
4/15/2020,Otsego,0500000US36077,44,4
4/15/2020,Putnam,0500000US36079,571,28
4/15/2020,Rensselaer,0500000US36083,124,8
4/15/2020,Rockland,0500000US36087,8474,212
4/15/2020,Saratoga,0500000US36091,227,1
4/15/2020,Schenectady,0500000US36093,237,16
4/15/2020,Schoharie,0500000US36095,20,0
4/15/2020,Schuyler,0500000US36097,6,0
4/15/2020,Seneca,0500000US36099,18,1
4/15/2020,St. Lawrence,0500000US36089,92,1
4/15/2020,Steuben,0500000US36101,151,5
4/15/2020,Suffolk,0500000US36103,23278,663
4/15/2020,Sullivan,0500000US36105,424,7
4/15/2020,Tioga,0500000US36107,25,0
4/15/2020,Tompkins,0500000US36109,115,2
4/15/2020,Ulster,0500000US36111,733,2
4/15/2020,Warren,0500000US36113,77,4
4/15/2020,Washington,0500000US36115,42,0
4/15/2020,Wayne,0500000US36117,48,0
4/15/2020,Westchester,0500000US36119,20947,708
4/15/2020,Wyoming,0500000US36121,34,3
4/15/2020,Yates,0500000US36123,6,0
4/16/2020,Albany,0500000US36001,581,26
4/16/2020,Allegany,0500000US36003,28,0
4/16/2020,Broome,0500000US36007,167,6
4/16/2020,Cattaraugus,0500000US36009,32,0
4/16/2020,Cayuga,0500000US36011,36,1
4/16/2020,Chautauqua,0500000US36013,24,1
4/16/2020,Chemung,0500000US36015,70,2
4/16/2020,Chenango,0500000US36017,73,0
4/16/2020,Clinton,0500000US36019,46,3
4/16/2020,Columbia,0500000US36021,99,13
4/16/2020,Cortland,0500000US36023,24,0
4/16/2020,Delaware,0500000US36025,47,0
4/16/2020,Dutchess,0500000US36027,2085,45
4/16/2020,Erie,0500000US36029,1850,115
4/16/2020,Essex,0500000US36031,12,0
4/16/2020,Franklin,0500000US36033,13,0
4/16/2020,Fulton,0500000US36035,25,0
4/16/2020,Genesee,0500000US36037,78,2
4/16/2020,Greene,0500000US36039,74,0
4/16/2020,Hamilton,0500000US36041,3,0
4/16/2020,Herkimer,0500000US36043,43,1
4/16/2020,Jefferson,0500000US36045,48,0
4/16/2020,Lewis,0500000US36049,8,0
4/16/2020,Livingston,0500000US36051,32,1
4/16/2020,Madison,0500000US36053,105,1
4/16/2020,Monroe,0500000US36055,932,49
4/16/2020,Montgomery,0500000US36057,32,1
4/16/2020,Nassau,0500000US36059,27772,1356
4/16/2020,New York City,0500000US,123146,8632
4/16/2020,Niagara,0500000US36063,216,8
4/16/2020,Oneida,0500000US36065,249,4
4/16/2020,Onondaga,0500000US36067,462,15
4/16/2020,Ontario,0500000US36069,65,2
4/16/2020,Orange,0500000US36071,5888,144
4/16/2020,Orleans,0500000US36073,34,0
4/16/2020,Oswego,0500000US36075,44,0
4/16/2020,Otsego,0500000US36077,44,4
4/16/2020,Putnam,0500000US36079,573,29
4/16/2020,Rensselaer,0500000US36083,137,9
4/16/2020,Rockland,0500000US36087,8752,234
4/16/2020,Saratoga,0500000US36091,231,1
4/16/2020,Schenectady,0500000US36093,245,17
4/16/2020,Schoharie,0500000US36095,20,0
4/16/2020,Schuyler,0500000US36097,6,0
4/16/2020,Seneca,0500000US36099,18,1
4/16/2020,St. Lawrence,0500000US36089,93,1
4/16/2020,Steuben,0500000US36101,154,5
4/16/2020,Suffolk,0500000US36103,24182,706
4/16/2020,Sullivan,0500000US36105,437,7
4/16/2020,Tioga,0500000US36107,27,0
4/16/2020,Tompkins,0500000US36109,116,2
4/16/2020,Ulster,0500000US36111,761,2
4/16/2020,Warren,0500000US36113,81,5
4/16/2020,Washington,0500000US36115,46,0
4/16/2020,Wayne,0500000US36117,49,0
4/16/2020,Westchester,0500000US36119,21828,738
4/16/2020,Wyoming,0500000US36121,34,3
4/16/2020,Yates,0500000US36123,7,0
4/17/2020,Albany,0500000US36001,619,26
4/17/2020,Allegany,0500000US36003,29,0
4/17/2020,Broome,0500000US36007,178,6
4/17/2020,Cattaraugus,0500000US36009,34,0
4/17/2020,Cayuga,0500000US36011,36,1
4/17/2020,Chautauqua,0500000US36013,25,1
4/17/2020,Chemung,0500000US36015,71,2
4/17/2020,Chenango,0500000US36017,76,0
4/17/2020,Clinton,0500000US36019,47,3
4/17/2020,Columbia,0500000US36021,101,13
4/17/2020,Cortland,0500000US36023,25,0
4/17/2020,Delaware,0500000US36025,48,0
4/17/2020,Dutchess,0500000US36027,2142,45
4/17/2020,Erie,0500000US36029,1929,115
4/17/2020,Essex,0500000US36031,15,0
4/17/2020,Franklin,0500000US36033,13,0
4/17/2020,Fulton,0500000US36035,27,0
4/17/2020,Genesee,0500000US36037,83,2
4/17/2020,Greene,0500000US36039,77,0
4/17/2020,Hamilton,0500000US36041,3,0
4/17/2020,Herkimer,0500000US36043,46,1
4/17/2020,Jefferson,0500000US36045,50,0
4/17/2020,Lewis,0500000US36049,8,0
4/17/2020,Livingston,0500000US36051,34,1
4/17/2020,Madison,0500000US36053,105,1
4/17/2020,Monroe,0500000US36055,975,49
4/17/2020,Montgomery,0500000US36057,33,1
4/17/2020,Nassau,0500000US36059,28539,1356
4/17/2020,New York City,0500000US,127352,8632
4/17/2020,Niagara,0500000US36063,227,8
4/17/2020,Oneida,0500000US36065,261,4
4/17/2020,Onondaga,0500000US36067,483,15
4/17/2020,Ontario,0500000US36069,67,2
4/17/2020,Orange,0500000US36071,6084,144
4/17/2020,Orleans,0500000US36073,34,0
4/17/2020,Oswego,0500000US36075,45,0
4/17/2020,Otsego,0500000US36077,44,4
4/17/2020,Putnam,0500000US36079,578,29
4/17/2020,Rensselaer,0500000US36083,150,9
4/17/2020,Rockland,0500000US36087,8987,234
4/17/2020,Saratoga,0500000US36091,236,1
4/17/2020,Schenectady,0500000US36093,250,17
4/17/2020,Schoharie,0500000US36095,20,0
4/17/2020,Schuyler,0500000US36097,6,0
4/17/2020,Seneca,0500000US36099,18,1
4/17/2020,St. Lawrence,0500000US36089,96,1
4/17/2020,Steuben,0500000US36101,154,5
4/17/2020,Suffolk,0500000US36103,25035,706
4/17/2020,Sullivan,0500000US36105,505,7
4/17/2020,Tioga,0500000US36107,30,0
4/17/2020,Tompkins,0500000US36109,117,2
4/17/2020,Ulster,0500000US36111,788,2
4/17/2020,Unknown,0500000US,0,630
4/17/2020,Warren,0500000US36113,91,5
4/17/2020,Washington,0500000US36115,48,0
4/17/2020,Wayne,0500000US36117,49,0
4/17/2020,Westchester,0500000US36119,22476,738
4/17/2020,Wyoming,0500000US36121,35,3
4/17/2020,Yates,0500000US36123,8,0
4/18/2020,Albany,0500000US36001,648,26
4/18/2020,Allegany,0500000US36003,30,0
4/18/2020,Broome,0500000US36007,186,6
4/18/2020,Cattaraugus,0500000US36009,34,0
4/18/2020,Cayuga,0500000US36011,36,1
4/18/2020,Chautauqua,0500000US36013,25,1
4/18/2020,Chemung,0500000US36015,72,2
4/18/2020,Chenango,0500000US36017,77,0
4/18/2020,Clinton,0500000US36019,48,3
4/18/2020,Columbia,0500000US36021,105,13
4/18/2020,Cortland,0500000US36023,25,0
4/18/2020,Delaware,0500000US36025,49,0
4/18/2020,Dutchess,0500000US36027,2201,45
4/18/2020,Erie,0500000US36029,1997,115
4/18/2020,Essex,0500000US36031,22,0
4/18/2020,Franklin,0500000US36033,13,0
4/18/2020,Fulton,0500000US36035,27,0
4/18/2020,Genesee,0500000US36037,87,2
4/18/2020,Greene,0500000US36039,82,0
4/18/2020,Hamilton,0500000US36041,3,0
4/18/2020,Herkimer,0500000US36043,47,1
4/18/2020,Jefferson,0500000US36045,50,0
4/18/2020,Lewis,0500000US36049,8,0
4/18/2020,Livingston,0500000US36051,37,1
4/18/2020,Madison,0500000US36053,105,1
4/18/2020,Monroe,0500000US36055,1008,49
4/18/2020,Montgomery,0500000US36057,34,1
4/18/2020,Nassau,0500000US36059,29180,1356
4/18/2020,New York City,0500000US,131273,8632
4/18/2020,Niagara,0500000US36063,234,8
4/18/2020,Oneida,0500000US36065,268,4
4/18/2020,Onondaga,0500000US36067,492,15
4/18/2020,Ontario,0500000US36069,69,2
4/18/2020,Orange,0500000US36071,6281,144
4/18/2020,Orleans,0500000US36073,41,0
4/18/2020,Oswego,0500000US36075,45,0
4/18/2020,Otsego,0500000US36077,47,4
4/18/2020,Putnam,0500000US36079,582,29
4/18/2020,Rensselaer,0500000US36083,164,9
4/18/2020,Rockland,0500000US36087,9171,234
4/18/2020,Saratoga,0500000US36091,244,1
4/18/2020,Schenectady,0500000US36093,259,17
4/18/2020,Schoharie,0500000US36095,20,0
4/18/2020,Schuyler,0500000US36097,6,0
4/18/2020,Seneca,0500000US36099,18,1
4/18/2020,St. Lawrence,0500000US36089,98,1
4/18/2020,Steuben,0500000US36101,160,5
4/18/2020,Suffolk,0500000US36103,26143,706
4/18/2020,Sullivan,0500000US36105,524,7
4/18/2020,Tioga,0500000US36107,32,0
4/18/2020,Tompkins,0500000US36109,117,2
4/18/2020,Ulster,0500000US36111,820,2
4/18/2020,Unknown,0500000US,0,1170
4/18/2020,Warren,0500000US36113,94,5
4/18/2020,Washington,0500000US36115,52,0
4/18/2020,Wayne,0500000US36117,49,0
4/18/2020,Westchester,0500000US36119,23179,738
4/18/2020,Wyoming,0500000US36121,36,3
4/18/2020,Yates,0500000US36123,9,0
4/19/2020,Albany,0500000US36001,682,33
4/19/2020,Allegany,0500000US36003,30,0
4/19/2020,Broome,0500000US36007,192,7
4/19/2020,Cattaraugus,0500000US36009,34,0
4/19/2020,Cayuga,0500000US36011,36,1
4/19/2020,Chautauqua,0500000US36013,25,1
4/19/2020,Chemung,0500000US36015,73,2
4/19/2020,Chenango,0500000US36017,78,0
4/19/2020,Clinton,0500000US36019,49,3
4/19/2020,Columbia,0500000US36021,107,15
4/19/2020,Cortland,0500000US36023,25,0
4/19/2020,Delaware,0500000US36025,49,0
4/19/2020,Dutchess,0500000US36027,2240,51
4/19/2020,Erie,0500000US36029,2070,146
4/19/2020,Essex,0500000US36031,24,0
4/19/2020,Franklin,0500000US36033,13,0
4/19/2020,Fulton,0500000US36035,27,0
4/19/2020,Genesee,0500000US36037,117,2
4/19/2020,Greene,0500000US36039,85,0
4/19/2020,Hamilton,0500000US36041,3,0
4/19/2020,Herkimer,0500000US36043,49,1
4/19/2020,Jefferson,0500000US36045,54,0
4/19/2020,Lewis,0500000US36049,8,0
4/19/2020,Livingston,0500000US36051,39,2
4/19/2020,Madison,0500000US36053,106,3
4/19/2020,Monroe,0500000US36055,1032,61
4/19/2020,Montgomery,0500000US36057,35,1
4/19/2020,Nassau,0500000US36059,30013,1577
4/19/2020,New York City,0500000US,134446,9708
4/19/2020,Niagara,0500000US36063,246,9
4/19/2020,Oneida,0500000US36065,275,4
4/19/2020,Onondaga,0500000US36067,498,22
4/19/2020,Ontario,0500000US36069,70,2
4/19/2020,Orange,0500000US36071,6394,165
4/19/2020,Orleans,0500000US36073,46,1
4/19/2020,Oswego,0500000US36075,47,0
4/19/2020,Otsego,0500000US36077,48,5
4/19/2020,Putnam,0500000US36079,592,35
4/19/2020,Rensselaer,0500000US36083,173,10
4/19/2020,Rockland,0500000US36087,9364,276
4/19/2020,Saratoga,0500000US36091,251,1
4/19/2020,Schenectady,0500000US36093,268,18
4/19/2020,Schoharie,0500000US36095,20,0
4/19/2020,Schuyler,0500000US36097,6,0
4/19/2020,Seneca,0500000US36099,18,1
4/19/2020,St. Lawrence,0500000US36089,105,1
4/19/2020,Steuben,0500000US36101,167,7
4/19/2020,Suffolk,0500000US36103,26888,845
4/19/2020,Sullivan,0500000US36105,537,8
4/19/2020,Tioga,0500000US36107,35,1
4/19/2020,Tompkins,0500000US36109,117,2
4/19/2020,Ulster,0500000US36111,854,2
4/19/2020,Warren,0500000US36113,96,6
4/19/2020,Washington,0500000US36115,63,0
4/19/2020,Wayne,0500000US36117,50,0
4/19/2020,Westchester,0500000US36119,23803,831
4/19/2020,Wyoming,0500000US36121,36,3
4/19/2020,Yates,0500000US36123,9,0
4/20/2020,Albany,0500000US36001,687,35
4/20/2020,Allegany,0500000US36003,30,0
4/20/2020,Broome,0500000US36007,199,7
4/20/2020,Cattaraugus,0500000US36009,34,0
4/20/2020,Cayuga,0500000US36011,36,1
4/20/2020,Chautauqua,0500000US36013,25,1
4/20/2020,Chemung,0500000US36015,73,2
4/20/2020,Chenango,0500000US36017,78,0
4/20/2020,Clinton,0500000US36019,51,3
4/20/2020,Columbia,0500000US36021,111,15
4/20/2020,Cortland,0500000US36023,25,0
4/20/2020,Delaware,0500000US36025,49,0
4/20/2020,Dutchess,0500000US36027,2284,52
4/20/2020,Erie,0500000US36029,2109,153
4/20/2020,Essex,0500000US36031,26,0
4/20/2020,Franklin,0500000US36033,13,0
4/20/2020,Fulton,0500000US36035,27,0
4/20/2020,Genesee,0500000US36037,119,2
4/20/2020,Greene,0500000US36039,86,0
4/20/2020,Hamilton,0500000US36041,3,0
4/20/2020,Herkimer,0500000US36043,49,1
4/20/2020,Jefferson,0500000US36045,54,0
4/20/2020,Lewis,0500000US36049,9,0
4/20/2020,Livingston,0500000US36051,39,2
4/20/2020,Madison,0500000US36053,106,3
4/20/2020,Monroe,0500000US36055,1054,66
4/20/2020,Montgomery,0500000US36057,35,1
4/20/2020,Nassau,0500000US36059,30677,1638
4/20/2020,New York City,0500000US,136816,10009
4/20/2020,Niagara,0500000US36063,255,9
4/20/2020,Oneida,0500000US36065,279,6
4/20/2020,Onondaga,0500000US36067,509,24
4/20/2020,Ontario,0500000US36069,71,2
4/20/2020,Orange,0500000US36071,6497,169
4/20/2020,Orleans,0500000US36073,46,1
4/20/2020,Oswego,0500000US36075,48,0
4/20/2020,Otsego,0500000US36077,49,5
4/20/2020,Putnam,0500000US36079,599,37
4/20/2020,Rensselaer,0500000US36083,177,10
4/20/2020,Rockland,0500000US36087,9457,286
4/20/2020,Saratoga,0500000US36091,254,2
4/20/2020,Schenectady,0500000US36093,269,18
4/20/2020,Schoharie,0500000US36095,20,0
4/20/2020,Schuyler,0500000US36097,7,0
4/20/2020,Seneca,0500000US36099,18,1
4/20/2020,St. Lawrence,0500000US36089,110,1
4/20/2020,Steuben,0500000US36101,167,9
4/20/2020,Suffolk,0500000US36103,27662,887
4/20/2020,Sullivan,0500000US36105,544,8
4/20/2020,Tioga,0500000US36107,37,1
4/20/2020,Tompkins,0500000US36109,119,2
4/20/2020,Ulster,0500000US36111,877,2
4/20/2020,Warren,0500000US36113,101,6
4/20/2020,Washington,0500000US36115,65,0
4/20/2020,Wayne,0500000US36117,50,0
4/20/2020,Westchester,0500000US36119,24306,867
4/20/2020,Wyoming,0500000US36121,36,3
4/20/2020,Yates,0500000US36123,10,0
4/21/2020,Albany,0500000US36001,704,36
4/21/2020,Allegany,0500000US36003,30,0
4/21/2020,Broome,0500000US36007,205,7
4/21/2020,Cattaraugus,0500000US36009,35,0
4/21/2020,Cayuga,0500000US36011,36,1
4/21/2020,Chautauqua,0500000US36013,25,1
4/21/2020,Chemung,0500000US36015,75,2
4/21/2020,Chenango,0500000US36017,79,0
4/21/2020,Clinton,0500000US36019,51,3
4/21/2020,Columbia,0500000US36021,113,16
4/21/2020,Cortland,0500000US36023,25,0
4/21/2020,Delaware,0500000US36025,49,0
4/21/2020,Dutchess,0500000US36027,2331,53
4/21/2020,Erie,0500000US36029,2147,161
4/21/2020,Essex,0500000US36031,27,0
4/21/2020,Franklin,0500000US36033,13,0
4/21/2020,Fulton,0500000US36035,27,0
4/21/2020,Genesee,0500000US36037,121,2
4/21/2020,Greene,0500000US36039,87,0
4/21/2020,Hamilton,0500000US36041,3,0
4/21/2020,Herkimer,0500000US36043,50,1
4/21/2020,Jefferson,0500000US36045,54,0
4/21/2020,Lewis,0500000US36049,9,0
4/21/2020,Livingston,0500000US36051,39,2
4/21/2020,Madison,0500000US36053,106,3
4/21/2020,Monroe,0500000US36055,1070,69
4/21/2020,Montgomery,0500000US36057,37,1
4/21/2020,Nassau,0500000US36059,31079,1717
4/21/2020,New York City,0500000US,139335,10301
4/21/2020,Niagara,0500000US36063,260,9
4/21/2020,Oneida,0500000US36065,284,6
4/21/2020,Onondaga,0500000US36067,514,26
4/21/2020,Ontario,0500000US36069,72,2
4/21/2020,Orange,0500000US36071,6576,181
4/21/2020,Orleans,0500000US36073,53,1
4/21/2020,Oswego,0500000US36075,49,0
4/21/2020,Otsego,0500000US36077,49,5
4/21/2020,Putnam,0500000US36079,605,38
4/21/2020,Rensselaer,0500000US36083,183,11
4/21/2020,Rockland,0500000US36087,9568,297
4/21/2020,Saratoga,0500000US36091,257,2
4/21/2020,Schenectady,0500000US36093,273,18
4/21/2020,Schoharie,0500000US36095,20,0
4/21/2020,Schuyler,0500000US36097,7,0
4/21/2020,Seneca,0500000US36099,18,1
4/21/2020,St. Lawrence,0500000US36089,120,1
4/21/2020,Steuben,0500000US36101,170,9
4/21/2020,Suffolk,0500000US36103,28154,918
4/21/2020,Sullivan,0500000US36105,555,8
4/21/2020,Tioga,0500000US36107,37,2
4/21/2020,Tompkins,0500000US36109,119,2
4/21/2020,Ulster,0500000US36111,893,2
4/21/2020,Warren,0500000US36113,102,6
4/21/2020,Washington,0500000US36115,68,0
4/21/2020,Wayne,0500000US36117,51,0
4/21/2020,Westchester,0500000US36119,24655,904
4/21/2020,Wyoming,0500000US36121,36,3
4/21/2020,Yates,0500000US36123,10,0
4/22/2020,Albany,0500000US36001,737,36
4/22/2020,Allegany,0500000US36003,30,0
4/22/2020,Broome,0500000US36007,219,8
4/22/2020,Cattaraugus,0500000US36009,37,0
4/22/2020,Cayuga,0500000US36011,36,1
4/22/2020,Chautauqua,0500000US36013,26,1
4/22/2020,Chemung,0500000US36015,75,2
4/22/2020,Chenango,0500000US36017,79,0
4/22/2020,Clinton,0500000US36019,51,3
4/22/2020,Columbia,0500000US36021,117,16
4/22/2020,Cortland,0500000US36023,25,0
4/22/2020,Delaware,0500000US36025,50,0
4/22/2020,Dutchess,0500000US36027,2391,57
4/22/2020,Erie,0500000US36029,2233,174
4/22/2020,Essex,0500000US36031,28,0
4/22/2020,Franklin,0500000US36033,13,0
4/22/2020,Fulton,0500000US36035,28,0
4/22/2020,Genesee,0500000US36037,122,2
4/22/2020,Greene,0500000US36039,87,0
4/22/2020,Hamilton,0500000US36041,3,0
4/22/2020,Herkimer,0500000US36043,53,1
4/22/2020,Jefferson,0500000US36045,54,0
4/22/2020,Lewis,0500000US36049,9,0
4/22/2020,Livingston,0500000US36051,39,2
4/22/2020,Madison,0500000US36053,106,3
4/22/2020,Monroe,0500000US36055,1112,72
4/22/2020,Montgomery,0500000US36057,38,1
4/22/2020,Nassau,0500000US36059,31555,1764
4/22/2020,New York City,0500000US,142442,10614
4/22/2020,Niagara,0500000US36063,268,10
4/22/2020,Oneida,0500000US36065,301,8
4/22/2020,Onondaga,0500000US36067,526,28
4/22/2020,Ontario,0500000US36069,73,3
4/22/2020,Orange,0500000US36071,6705,183
4/22/2020,Orleans,0500000US36073,56,1
4/22/2020,Oswego,0500000US36075,49,0
4/22/2020,Otsego,0500000US36077,49,5
4/22/2020,Putnam,0500000US36079,611,39
4/22/2020,Rensselaer,0500000US36083,186,11
4/22/2020,Rockland,0500000US36087,9699,309
4/22/2020,Saratoga,0500000US36091,264,2
4/22/2020,Schenectady,0500000US36093,280,19
4/22/2020,Schoharie,0500000US36095,20,0
4/22/2020,Schuyler,0500000US36097,7,0
4/22/2020,Seneca,0500000US36099,18,1
4/22/2020,St. Lawrence,0500000US36089,123,1
4/22/2020,Steuben,0500000US36101,171,9
4/22/2020,Suffolk,0500000US36103,28854,959
4/22/2020,Sullivan,0500000US36105,561,8
4/22/2020,Tioga,0500000US36107,39,2
4/22/2020,Tompkins,0500000US36109,119,2
4/22/2020,Ulster,0500000US36111,913,3
4/22/2020,Warren,0500000US36113,108,6
4/22/2020,Washington,0500000US36115,73,0
4/22/2020,Wayne,0500000US36117,52,0
4/22/2020,Westchester,0500000US36119,25275,932
4/22/2020,Wyoming,0500000US36121,40,3
4/22/2020,Yates,0500000US36123,11,1
4/23/2020,Albany,0500000US36001,758,41
4/23/2020,Allegany,0500000US36003,30,0
4/23/2020,Broome,0500000US36007,224,10
4/23/2020,Cattaraugus,0500000US36009,37,0
4/23/2020,Cayuga,0500000US36011,37,1
4/23/2020,Chautauqua,0500000US36013,26,1
4/23/2020,Chemung,0500000US36015,76,3
4/23/2020,Chenango,0500000US36017,82,0
4/23/2020,Clinton,0500000US36019,52,4
4/23/2020,Columbia,0500000US36021,123,16
4/23/2020,Cortland,0500000US36023,25,0
4/23/2020,Delaware,0500000US36025,50,0
4/23/2020,Dutchess,0500000US36027,2460,60
4/23/2020,Erie,0500000US36029,2450,179
4/23/2020,Essex,0500000US36031,22,0
4/23/2020,Franklin,0500000US36033,13,0
4/23/2020,Fulton,0500000US36035,28,0
4/23/2020,Genesee,0500000US36037,126,2
4/23/2020,Greene,0500000US36039,89,0
4/23/2020,Hamilton,0500000US36041,3,0
4/23/2020,Herkimer,0500000US36043,54,1
4/23/2020,Jefferson,0500000US36045,56,0
4/23/2020,Lewis,0500000US36049,9,0
4/23/2020,Livingston,0500000US36051,41,2
4/23/2020,Madison,0500000US36053,106,3
4/23/2020,Monroe,0500000US36055,1152,77
4/23/2020,Montgomery,0500000US36057,39,1
4/23/2020,Nassau,0500000US36059,32124,1813
4/23/2020,New York City,0500000US,145855,10889
4/23/2020,Niagara,0500000US36063,295,11
4/23/2020,Oneida,0500000US36065,317,8
4/23/2020,Onondaga,0500000US36067,600,28
4/23/2020,Ontario,0500000US36069,73,3
4/23/2020,Orange,0500000US36071,6816,190
4/23/2020,Orleans,0500000US36073,59,2
4/23/2020,Oswego,0500000US36075,49,0
4/23/2020,Otsego,0500000US36077,50,5
4/23/2020,Putnam,0500000US36079,615,41
4/23/2020,Rensselaer,0500000US36083,191,12
4/23/2020,Rockland,0500000US36087,9828,322
4/23/2020,Saratoga,0500000US36091,265,2
4/23/2020,Schenectady,0500000US36093,288,20
4/23/2020,Schoharie,0500000US36095,21,0
4/23/2020,Schuyler,0500000US36097,7,0
4/23/2020,Seneca,0500000US36099,18,1
4/23/2020,St. Lawrence,0500000US36089,139,1
4/23/2020,Steuben,0500000US36101,171,9
4/23/2020,Suffolk,0500000US36103,29567,994
4/23/2020,Sullivan,0500000US36105,580,8
4/23/2020,Tioga,0500000US36107,40,2
4/23/2020,Tompkins,0500000US36109,119,2
4/23/2020,Ulster,0500000US36111,942,3
4/23/2020,Warren,0500000US36113,119,7
4/23/2020,Washington,0500000US36115,80,0
4/23/2020,Wayne,0500000US36117,53,0
4/23/2020,Westchester,0500000US36119,25959,962
4/23/2020,Wyoming,0500000US36121,41,3
4/23/2020,Yates,0500000US36123,11,1
4/24/2020,Albany,0500000US36001,805,42
4/24/2020,Allegany,0500000US36003,31,0
4/24/2020,Broome,0500000US36007,232,11
4/24/2020,Cattaraugus,0500000US36009,39,0
4/24/2020,Cayuga,0500000US36011,39,1
4/24/2020,Chautauqua,0500000US36013,27,1
4/24/2020,Chemung,0500000US36015,79,3
4/24/2020,Chenango,0500000US36017,84,0
4/24/2020,Clinton,0500000US36019,53,4
4/24/2020,Columbia,0500000US36021,129,16
4/24/2020,Cortland,0500000US36023,25,0
4/24/2020,Delaware,0500000US36025,51,0
4/24/2020,Dutchess,0500000US36027,2517,63
4/24/2020,Erie,0500000US36029,2603,184
4/24/2020,Essex,0500000US36031,28,0
4/24/2020,Franklin,0500000US36033,13,0
4/24/2020,Fulton,0500000US36035,29,1
4/24/2020,Genesee,0500000US36037,127,2
4/24/2020,Greene,0500000US36039,90,0
4/24/2020,Hamilton,0500000US36041,3,0
4/24/2020,Herkimer,0500000US36043,56,1
4/24/2020,Jefferson,0500000US36045,58,0
4/24/2020,Lewis,0500000US36049,9,0
4/24/2020,Livingston,0500000US36051,44,2
4/24/2020,Madison,0500000US36053,106,3
4/24/2020,Monroe,0500000US36055,1199,78
4/24/2020,Montgomery,0500000US36057,39,1
4/24/2020,Nassau,0500000US36059,32765,1867
4/24/2020,New York City,0500000US,150484,11157
4/24/2020,Niagara,0500000US36063,332,11
4/24/2020,Oneida,0500000US36065,323,8
4/24/2020,Onondaga,0500000US36067,639,29
4/24/2020,Ontario,0500000US36069,73,3
4/24/2020,Orange,0500000US36071,7170,194
4/24/2020,Orleans,0500000US36073,60,2
4/24/2020,Oswego,0500000US36075,51,0
4/24/2020,Otsego,0500000US36077,50,5
4/24/2020,Putnam,0500000US36079,619,42
4/24/2020,Rensselaer,0500000US36083,198,12
4/24/2020,Rockland,0500000US36087,10091,334
4/24/2020,Saratoga,0500000US36091,278,2
4/24/2020,Schenectady,0500000US36093,297,20
4/24/2020,Schoharie,0500000US36095,21,0
4/24/2020,Schuyler,0500000US36097,7,0
4/24/2020,Seneca,0500000US36099,18,1
4/24/2020,St. Lawrence,0500000US36089,144,1
4/24/2020,Steuben,0500000US36101,171,10
4/24/2020,Suffolk,0500000US36103,30606,1035
4/24/2020,Sullivan,0500000US36105,628,9
4/24/2020,Tioga,0500000US36107,40,2
4/24/2020,Tompkins,0500000US36109,121,2
4/24/2020,Ulster,0500000US36111,976,3
4/24/2020,Warren,0500000US36113,122,7
4/24/2020,Washington,0500000US36115,83,0
4/24/2020,Wayne,0500000US36117,53,0
4/24/2020,Westchester,0500000US36119,26632,989
4/24/2020,Wyoming,0500000US36121,43,3
4/24/2020,Yates,0500000US36123,11,1
4/25/2020,Albany,0500000US36001,899,43
4/25/2020,Allegany,0500000US36003,35,0
4/25/2020,Broome,0500000US36007,251,13
4/25/2020,Cattaraugus,0500000US36009,45,1
4/25/2020,Cayuga,0500000US36011,47,1
4/25/2020,Chautauqua,0500000US36013,27,1
4/25/2020,Chemung,0500000US36015,103,3
4/25/2020,Chenango,0500000US36017,91,0
4/25/2020,Clinton,0500000US36019,54,4
4/25/2020,Columbia,0500000US36021,140,16
4/25/2020,Cortland,0500000US36023,28,0
4/25/2020,Delaware,0500000US36025,58,0
4/25/2020,Dutchess,0500000US36027,2660,65
4/25/2020,Erie,0500000US36029,2773,199
4/25/2020,Essex,0500000US36031,30,0
4/25/2020,Franklin,0500000US36033,14,0
4/25/2020,Fulton,0500000US36035,61,1
4/25/2020,Genesee,0500000US36037,141,2
4/25/2020,Greene,0500000US36039,107,0
4/25/2020,Hamilton,0500000US36041,3,0
4/25/2020,Herkimer,0500000US36043,56,1
4/25/2020,Jefferson,0500000US36045,59,0
4/25/2020,Lewis,0500000US36049,9,0
4/25/2020,Livingston,0500000US36051,58,2
4/25/2020,Madison,0500000US36053,121,3
4/25/2020,Monroe,0500000US36055,1285,82
4/25/2020,Montgomery,0500000US36057,46,1
4/25/2020,Nassau,0500000US36059,33798,1917
4/25/2020,New York City,0500000US,155124,11419
4/25/2020,Niagara,0500000US36063,344,11
4/25/2020,Oneida,0500000US36065,364,8
4/25/2020,Onondaga,0500000US36067,664,30
4/25/2020,Ontario,0500000US36069,82,3
4/25/2020,Orange,0500000US36071,7988,200
4/25/2020,Orleans,0500000US36073,75,3
4/25/2020,Oswego,0500000US36075,57,0
4/25/2020,Otsego,0500000US36077,60,5
4/25/2020,Putnam,0500000US36079,885,42
4/25/2020,Rensselaer,0500000US36083,221,12
4/25/2020,Rockland,0500000US36087,11091,340
4/25/2020,Saratoga,0500000US36091,320,3
4/25/2020,Schenectady,0500000US36093,431,21
4/25/2020,Schoharie,0500000US36095,33,0
4/25/2020,Schuyler,0500000US36097,7,0
4/25/2020,Seneca,0500000US36099,36,1
4/25/2020,St. Lawrence,0500000US36089,156,1
4/25/2020,Steuben,0500000US36101,204,10
4/25/2020,Suffolk,0500000US36103,31368,1085
4/25/2020,Sullivan,0500000US36105,689,9
4/25/2020,Tioga,0500000US36107,71,3
4/25/2020,Tompkins,0500000US36109,126,2
4/25/2020,Ulster,0500000US36111,1166,3
4/25/2020,Warren,0500000US36113,132,7
4/25/2020,Washington,0500000US36115,113,0
4/25/2020,Wayne,0500000US36117,65,0
4/25/2020,Westchester,0500000US36119,27230,1022
4/25/2020,Wyoming,0500000US36121,57,3
4/25/2020,Yates,0500000US36123,16,1
4/26/2020,Albany,0500000US36001,948,45
4/26/2020,Allegany,0500000US36003,35,0
4/26/2020,Broome,0500000US36007,257,13
4/26/2020,Cattaraugus,0500000US36009,45,1
4/26/2020,Cayuga,0500000US36011,47,1
4/26/2020,Chautauqua,0500000US36013,29,1
4/26/2020,Chemung,0500000US36015,106,3
4/26/2020,Chenango,0500000US36017,93,0
4/26/2020,Clinton,0500000US36019,57,4
4/26/2020,Columbia,0500000US36021,143,16
4/26/2020,Cortland,0500000US36023,28,0
4/26/2020,Delaware,0500000US36025,58,0
4/26/2020,Dutchess,0500000US36027,2729,65
4/26/2020,Erie,0500000US36029,2954,205
4/26/2020,Essex,0500000US36031,30,0
4/26/2020,Franklin,0500000US36033,14,0
4/26/2020,Fulton,0500000US36035,62,1
4/26/2020,Genesee,0500000US36037,144,2
4/26/2020,Greene,0500000US36039,110,0
4/26/2020,Hamilton,0500000US36041,3,0
4/26/2020,Herkimer,0500000US36043,57,1
4/26/2020,Jefferson,0500000US36045,60,0
4/26/2020,Lewis,0500000US36049,9,0
4/26/2020,Livingston,0500000US36051,60,2
4/26/2020,Madison,0500000US36053,123,3
4/26/2020,Monroe,0500000US36055,1316,85
4/26/2020,Montgomery,0500000US36057,47,1
4/26/2020,Nassau,0500000US36059,34522,1962
4/26/2020,New York City,0500000US,158268,11648
4/26/2020,Niagara,0500000US36063,368,11
4/26/2020,Oneida,0500000US36065,384,11
4/26/2020,Onondaga,0500000US36067,692,30
4/26/2020,Ontario,0500000US36069,84,3
4/26/2020,Orange,0500000US36071,8121,203
4/26/2020,Orleans,0500000US36073,80,4
4/26/2020,Oswego,0500000US36075,61,0
4/26/2020,Otsego,0500000US36077,60,5
4/26/2020,Putnam,0500000US36079,904,42
4/26/2020,Rensselaer,0500000US36083,242,13
4/26/2020,Rockland,0500000US36087,11256,349
4/26/2020,Saratoga,0500000US36091,330,3
4/26/2020,Schenectady,0500000US36093,449,22
4/26/2020,Schoharie,0500000US36095,35,0
4/26/2020,Schuyler,0500000US36097,7,0
4/26/2020,Seneca,0500000US36099,38,1
4/26/2020,St. Lawrence,0500000US36089,167,1
4/26/2020,Steuben,0500000US36101,207,10
4/26/2020,Suffolk,0500000US36103,32059,1115
4/26/2020,Sullivan,0500000US36105,724,10
4/26/2020,Tioga,0500000US36107,71,3
4/26/2020,Tompkins,0500000US36109,126,2
4/26/2020,Ulster,0500000US36111,1190,3
4/26/2020,Warren,0500000US36113,135,8
4/26/2020,Washington,0500000US36115,127,0
4/26/2020,Wayne,0500000US36117,65,0
4/26/2020,Westchester,0500000US36119,27664,1054
4/26/2020,Wyoming,0500000US36121,59,3
4/26/2020,Yates,0500000US36123,17,1
4/27/2020,Albany,0500000US36001,979,45
4/27/2020,Allegany,0500000US36003,35,0
4/27/2020,Broome,0500000US36007,261,14
4/27/2020,Cattaraugus,0500000US36009,45,1
4/27/2020,Cayuga,0500000US36011,48,1
4/27/2020,Chautauqua,0500000US36013,30,1
4/27/2020,Chemung,0500000US36015,108,3
4/27/2020,Chenango,0500000US36017,95,0
4/27/2020,Clinton,0500000US36019,59,4
4/27/2020,Columbia,0500000US36021,146,16
4/27/2020,Cortland,0500000US36023,28,0
4/27/2020,Delaware,0500000US36025,58,0
4/27/2020,Dutchess,0500000US36027,2793,66
4/27/2020,Erie,0500000US36029,3021,208
4/27/2020,Essex,0500000US36031,30,0
4/27/2020,Franklin,0500000US36033,14,0
4/27/2020,Fulton,0500000US36035,62,1
4/27/2020,Genesee,0500000US36037,148,2
4/27/2020,Greene,0500000US36039,111,0
4/27/2020,Hamilton,0500000US36041,3,0
4/27/2020,Herkimer,0500000US36043,58,1
4/27/2020,Jefferson,0500000US36045,60,0
4/27/2020,Lewis,0500000US36049,9,0
4/27/2020,Livingston,0500000US36051,62,2
4/27/2020,Madison,0500000US36053,124,3
4/27/2020,Monroe,0500000US36055,1331,89
4/27/2020,Montgomery,0500000US36057,47,1
4/27/2020,Nassau,0500000US36059,34865,2003
4/27/2020,New York City,0500000US,160499,11857
4/27/2020,Niagara,0500000US36063,378,11
4/27/2020,Oneida,0500000US36065,397,11
4/27/2020,Onondaga,0500000US36067,726,30
4/27/2020,Ontario,0500000US36069,86,3
4/27/2020,Orange,0500000US36071,8253,213
4/27/2020,Orleans,0500000US36073,80,4
4/27/2020,Oswego,0500000US36075,61,0
4/27/2020,Otsego,0500000US36077,62,5
4/27/2020,Putnam,0500000US36079,925,42
4/27/2020,Rensselaer,0500000US36083,246,17
4/27/2020,Rockland,0500000US36087,11366,355
4/27/2020,Saratoga,0500000US36091,336,3
4/27/2020,Schenectady,0500000US36093,457,22
4/27/2020,Schoharie,0500000US36095,35,0
4/27/2020,Schuyler,0500000US36097,7,0
4/27/2020,Seneca,0500000US36099,38,1
4/27/2020,St. Lawrence,0500000US36089,169,2
4/27/2020,Steuben,0500000US36101,209,10
4/27/2020,Suffolk,0500000US36103,32470,1147
4/27/2020,Sullivan,0500000US36105,748,11
4/27/2020,Tioga,0500000US36107,71,3
4/27/2020,Tompkins,0500000US36109,126,2
4/27/2020,Ulster,0500000US36111,1219,4
4/27/2020,Warren,0500000US36113,147,8
4/27/2020,Washington,0500000US36115,130,0
4/27/2020,Wayne,0500000US36117,69,0
4/27/2020,Westchester,0500000US36119,28007,1077
4/27/2020,Wyoming,0500000US36121,63,3
4/27/2020,Yates,0500000US36123,17,1
4/28/2020,Albany,0500000US36001,1009,45
4/28/2020,Allegany,0500000US36003,35,0
4/28/2020,Broome,0500000US36007,266,15
4/28/2020,Cattaraugus,0500000US36009,45,1
4/28/2020,Cayuga,0500000US36011,48,1
4/28/2020,Chautauqua,0500000US36013,30,1
4/28/2020,Chemung,0500000US36015,113,3
4/28/2020,Chenango,0500000US36017,95,0
4/28/2020,Clinton,0500000US36019,59,4
4/28/2020,Columbia,0500000US36021,154,16
4/28/2020,Cortland,0500000US36023,28,0
4/28/2020,Delaware,0500000US36025,59,0
4/28/2020,Dutchess,0500000US36027,2817,66
4/28/2020,Erie,0500000US36029,3089,216
4/28/2020,Essex,0500000US36031,32,0
4/28/2020,Franklin,0500000US36033,14,0
4/28/2020,Fulton,0500000US36035,66,1
4/28/2020,Genesee,0500000US36037,149,2
4/28/2020,Greene,0500000US36039,112,0
4/28/2020,Hamilton,0500000US36041,3,0
4/28/2020,Herkimer,0500000US36043,58,1
4/28/2020,Jefferson,0500000US36045,60,0
4/28/2020,Lewis,0500000US36049,9,0
4/28/2020,Livingston,0500000US36051,65,2
4/28/2020,Madison,0500000US36053,126,3
4/28/2020,Monroe,0500000US36055,1371,91
4/28/2020,Montgomery,0500000US36057,49,1
4/28/2020,Nassau,0500000US36059,35085,2039
4/28/2020,New York City,0500000US,162348,12067
4/28/2020,Niagara,0500000US36063,386,11
4/28/2020,Oneida,0500000US36065,411,12
4/28/2020,Onondaga,0500000US36067,742,31
4/28/2020,Ontario,0500000US36069,90,3
4/28/2020,Orange,0500000US36071,8389,223
4/28/2020,Orleans,0500000US36073,80,5
4/28/2020,Oswego,0500000US36075,63,0
4/28/2020,Otsego,0500000US36077,65,5
4/28/2020,Putnam,0500000US36079,932,45
4/28/2020,Rensselaer,0500000US36083,250,17
4/28/2020,Rockland,0500000US36087,11453,359
4/28/2020,Saratoga,0500000US36091,343,3
4/28/2020,Schenectady,0500000US36093,469,25
4/28/2020,Schoharie,0500000US36095,38,0
4/28/2020,Schuyler,0500000US36097,7,0
4/28/2020,Seneca,0500000US36099,38,1
4/28/2020,St. Lawrence,0500000US36089,170,2
4/28/2020,Steuben,0500000US36101,210,11
4/28/2020,Suffolk,0500000US36103,32724,1179
4/28/2020,Sullivan,0500000US36105,769,12
4/28/2020,Tioga,0500000US36107,82,4
4/28/2020,Tompkins,0500000US36109,126,2
4/28/2020,Ulster,0500000US36111,1230,5
4/28/2020,Warren,0500000US36113,150,8
4/28/2020,Washington,0500000US36115,131,0
4/28/2020,Wayne,0500000US36117,70,0
4/28/2020,Westchester,0500000US36119,28245,1096
4/28/2020,Wyoming,0500000US36121,63,3
4/28/2020,Yates,0500000US36123,17,1
4/29/2020,Albany,0500000US36001,1067,47
4/29/2020,Allegany,0500000US36003,35,0
4/29/2020,Broome,0500000US36007,273,15
4/29/2020,Cattaraugus,0500000US36009,47,1
4/29/2020,Cayuga,0500000US36011,48,1
4/29/2020,Chautauqua,0500000US36013,31,1
4/29/2020,Chemung,0500000US36015,119,3
4/29/2020,Chenango,0500000US36017,96,0
4/29/2020,Clinton,0500000US36019,59,4
4/29/2020,Columbia,0500000US36021,165,16
4/29/2020,Cortland,0500000US36023,28,0
4/29/2020,Delaware,0500000US36025,60,0
4/29/2020,Dutchess,0500000US36027,2881,69
4/29/2020,Erie,0500000US36029,3196,220
4/29/2020,Essex,0500000US36031,33,0
4/29/2020,Franklin,0500000US36033,15,0
4/29/2020,Fulton,0500000US36035,67,1
4/29/2020,Genesee,0500000US36037,152,2
4/29/2020,Greene,0500000US36039,114,0
4/29/2020,Hamilton,0500000US36041,3,0
4/29/2020,Herkimer,0500000US36043,58,1
4/29/2020,Jefferson,0500000US36045,60,0
4/29/2020,Lewis,0500000US36049,9,0
4/29/2020,Livingston,0500000US36051,67,2
4/29/2020,Madison,0500000US36053,126,3
4/29/2020,Monroe,0500000US36055,1404,93
4/29/2020,Montgomery,0500000US36057,51,1
4/29/2020,Nassau,0500000US36059,35505,2077
4/29/2020,New York City,0500000US,164852,12325
4/29/2020,Niagara,0500000US36063,401,11
4/29/2020,Oneida,0500000US36065,422,14
4/29/2020,Onondaga,0500000US36067,782,33
4/29/2020,Ontario,0500000US36069,90,3
4/29/2020,Orange,0500000US36071,8503,232
4/29/2020,Orleans,0500000US36073,85,5
4/29/2020,Oswego,0500000US36075,63,0
4/29/2020,Otsego,0500000US36077,66,5
4/29/2020,Putnam,0500000US36079,946,45
4/29/2020,Rensselaer,0500000US36083,262,17
4/29/2020,Rockland,0500000US36087,11586,364
4/29/2020,Saratoga,0500000US36091,346,3
4/29/2020,Schenectady,0500000US36093,479,25
4/29/2020,Schoharie,0500000US36095,39,0
4/29/2020,Schuyler,0500000US36097,7,0
4/29/2020,Seneca,0500000US36099,38,1
4/29/2020,St. Lawrence,0500000US36089,170,2
4/29/2020,Steuben,0500000US36101,214,11
4/29/2020,Suffolk,0500000US36103,33265,1205
4/29/2020,Sullivan,0500000US36105,811,12
4/29/2020,Tioga,0500000US36107,84,5
4/29/2020,Tompkins,0500000US36109,127,2
4/29/2020,Ulster,0500000US36111,1252,6
4/29/2020,Warren,0500000US36113,152,9
4/29/2020,Washington,0500000US36115,134,0
4/29/2020,Wayne,0500000US36117,70,0
4/29/2020,Westchester,0500000US36119,28625,1119
4/29/2020,Wyoming,0500000US36121,65,3
4/29/2020,Yates,0500000US36123,17,1
4/30/2020,Albany,0500000US36001,1165,53
4/30/2020,Allegany,0500000US36003,35,0
4/30/2020,Broome,0500000US36007,284,15
4/30/2020,Cattaraugus,0500000US36009,47,1
4/30/2020,Cayuga,0500000US36011,48,1
4/30/2020,Chautauqua,0500000US36013,33,1
4/30/2020,Chemung,0500000US36015,122,3
4/30/2020,Chenango,0500000US36017,98,0
4/30/2020,Clinton,0500000US36019,59,4
4/30/2020,Columbia,0500000US36021,170,16
4/30/2020,Cortland,0500000US36023,28,0
4/30/2020,Delaware,0500000US36025,61,0
4/30/2020,Dutchess,0500000US36027,2954,70
4/30/2020,Erie,0500000US36029,3319,227
4/30/2020,Essex,0500000US36031,34,0
4/30/2020,Franklin,0500000US36033,15,0
4/30/2020,Fulton,0500000US36035,71,1
4/30/2020,Genesee,0500000US36037,153,2
4/30/2020,Greene,0500000US36039,131,0
4/30/2020,Hamilton,0500000US36041,3,0
4/30/2020,Herkimer,0500000US36043,58,1
4/30/2020,Jefferson,0500000US36045,61,0
4/30/2020,Lewis,0500000US36049,9,0
4/30/2020,Livingston,0500000US36051,69,2
4/30/2020,Madison,0500000US36053,131,3
4/30/2020,Monroe,0500000US36055,1441,93
4/30/2020,Montgomery,0500000US36057,53,1
4/30/2020,Nassau,0500000US36059,35854,2111
4/30/2020,New York City,0500000US,167489,12514
4/30/2020,Niagara,0500000US36063,420,13
4/30/2020,Oneida,0500000US36065,439,14
4/30/2020,Onondaga,0500000US36067,832,35
4/30/2020,Ontario,0500000US36069,90,4
4/30/2020,Orange,0500000US36071,8665,237
4/30/2020,Orleans,0500000US36073,89,5
4/30/2020,Oswego,0500000US36075,63,0
4/30/2020,Otsego,0500000US36077,67,5
4/30/2020,Putnam,0500000US36079,970,45
4/30/2020,Rensselaer,0500000US36083,287,20
4/30/2020,Rockland,0500000US36087,11708,370
4/30/2020,Saratoga,0500000US36091,354,3
4/30/2020,Schenectady,0500000US36093,501,25
4/30/2020,Schoharie,0500000US36095,42,0
4/30/2020,Schuyler,0500000US36097,7,0
4/30/2020,Seneca,0500000US36099,39,1
4/30/2020,St. Lawrence,0500000US36089,173,2
4/30/2020,Steuben,0500000US36101,216,11
4/30/2020,Suffolk,0500000US36103,33664,1228
4/30/2020,Sullivan,0500000US36105,838,12
4/30/2020,Tioga,0500000US36107,88,6
4/30/2020,Tompkins,0500000US36109,128,2
4/30/2020,Ulster,0500000US36111,1279,7
4/30/2020,Warren,0500000US36113,176,9
4/30/2020,Washington,0500000US36115,148,0
4/30/2020,Wayne,0500000US36117,71,0
4/30/2020,Westchester,0500000US36119,28969,1144
4/30/2020,Wyoming,0500000US36121,65,3
4/30/2020,Yates,0500000US36123,18,1
