date,county,fips,cases,deaths,tweets
4/30/2020,Nassau,0500000US36059,35854,2111,2019
4/30/2020,Suffolk,0500000US36103,33664,1228,0
4/30/2020,Bronx,0500000US36005,33498,2503,1
4/30/2020,Kings,0500000US36047,33498,2503,10914
4/30/2020,New York City,0500000US36061,33498,2503,1
4/30/2020,Queens,0500000US36081,33498,2503,6017
4/30/2020,Richmond,0500000US36085,33498,2503,932
4/30/2020,Westchester,0500000US36119,28969,1144,0
4/30/2020,Rockland,0500000US36087,11708,370,281
4/30/2020,Orange,0500000US36071,8665,237,350
4/30/2020,Erie,0500000US36029,3319,227,2127
4/30/2020,Dutchess,0500000US36027,2954,70,300
4/30/2020,Monroe,0500000US36055,1441,93,940
4/30/2020,Ulster,0500000US36111,1279,7,350
4/30/2020,Albany,0500000US36001,1165,53,600
4/30/2020,Putnam,0500000US36079,970,45,118
4/30/2020,Sullivan,0500000US36105,838,12,14
4/30/2020,Onondaga,0500000US36067,832,35,683
4/30/2020,Schenectady,0500000US36093,501,25,335
4/30/2020,Oneida,0500000US36065,439,14,227
4/30/2020,Niagara,0500000US36063,420,13,229
4/30/2020,Saratoga,0500000US36091,354,3,30
4/30/2020,Rensselaer,0500000US36083,287,20,255
4/30/2020,Broome,0500000US36007,284,15,146
4/30/2020,Steuben,0500000US36101,216,11,17
4/30/2020,Warren,0500000US36113,176,9,74
4/30/2020,St. Lawrence,0500000US36089,173,2,23
4/30/2020,Columbia,0500000US36021,170,16,15
4/30/2020,Genesee,0500000US36037,153,2,33
4/30/2020,Washington,0500000US36115,148,0,10
4/30/2020,Greene,0500000US36039,131,0,12
4/30/2020,Madison,0500000US36053,131,3,3
4/30/2020,Tompkins,0500000US36109,128,2,184
4/30/2020,Chemung,0500000US36015,122,3,82
4/30/2020,Chenango,0500000US36017,98,0,2
4/30/2020,Ontario,0500000US36069,90,4,64
4/30/2020,Orleans,0500000US36073,89,5,2
4/30/2020,Tioga,0500000US36107,88,6,31
4/30/2020,Fulton,0500000US36035,71,1,27
4/30/2020,Wayne,0500000US36117,71,0,17
4/30/2020,Livingston,0500000US36051,69,2,18
4/30/2020,Otsego,0500000US36077,67,5,11
4/30/2020,Wyoming,0500000US36121,65,3,19
4/30/2020,Oswego,0500000US36075,63,0,58
4/30/2020,Delaware,0500000US36025,61,0,8
4/30/2020,Jefferson,0500000US36045,61,0,29
4/30/2020,Clinton,0500000US36019,59,4,115
4/30/2020,Herkimer,0500000US36043,58,1,38
4/30/2020,Montgomery,0500000US36057,53,1,17
4/30/2020,Cayuga,0500000US36011,48,1,25
4/30/2020,Cattaraugus,0500000US36009,47,1,37
4/30/2020,Schoharie,0500000US36095,42,0,254
4/30/2020,Seneca,0500000US36099,39,1,0
4/30/2020,Allegany,0500000US36003,35,0,7
4/30/2020,Essex,0500000US36031,34,0,15
4/30/2020,Chautauqua,0500000US36013,33,1,66
4/30/2020,Cortland,0500000US36023,28,0,21
4/30/2020,Yates,0500000US36123,18,1,15
4/30/2020,Franklin,0500000US36033,15,0,2
4/30/2020,Lewis,0500000US36049,9,0,4
4/30/2020,Schuyler,0500000US36097,7,0,6
4/30/2020,Hamilton,0500000US36041,3,0,0
4/29/2020,Nassau,0500000US36059,35505,2077,1953
4/29/2020,Suffolk,0500000US36103,33265,1205,0
4/29/2020,Bronx,0500000US36005,32970,2465,1
4/29/2020,Kings,0500000US36047,32970,2465,10531
4/29/2020,New York City,0500000US36061,32970,2465,1
4/29/2020,Queens,0500000US36081,32970,2465,5785
4/29/2020,Richmond,0500000US36085,32970,2465,890
4/29/2020,Westchester,0500000US36119,28625,1119,0
4/29/2020,Rockland,0500000US36087,11586,364,273
4/29/2020,Orange,0500000US36071,8503,232,325
4/29/2020,Erie,0500000US36029,3196,220,2061
4/29/2020,Dutchess,0500000US36027,2881,69,296
4/29/2020,Monroe,0500000US36055,1404,93,907
4/29/2020,Ulster,0500000US36111,1252,6,349
4/29/2020,Albany,0500000US36001,1067,47,582
4/29/2020,Putnam,0500000US36079,946,45,109
4/29/2020,Sullivan,0500000US36105,811,12,14
4/29/2020,Onondaga,0500000US36067,782,33,656
4/29/2020,Schenectady,0500000US36093,479,25,322
4/29/2020,Oneida,0500000US36065,422,14,222
4/29/2020,Niagara,0500000US36063,401,11,219
4/29/2020,Saratoga,0500000US36091,346,3,27
4/29/2020,Broome,0500000US36007,273,15,140
4/29/2020,Rensselaer,0500000US36083,262,17,247
4/29/2020,Steuben,0500000US36101,214,11,16
4/29/2020,St. Lawrence,0500000US36089,170,2,23
4/29/2020,Columbia,0500000US36021,165,16,15
4/29/2020,Genesee,0500000US36037,152,2,32
4/29/2020,Warren,0500000US36113,152,9,70
4/29/2020,Washington,0500000US36115,134,0,9
4/29/2020,Tompkins,0500000US36109,127,2,175
4/29/2020,Madison,0500000US36053,126,3,4
4/29/2020,Chemung,0500000US36015,119,3,79
4/29/2020,Greene,0500000US36039,114,0,12
4/29/2020,Chenango,0500000US36017,96,0,2
4/29/2020,Ontario,0500000US36069,90,3,61
4/29/2020,Orleans,0500000US36073,85,5,2
4/29/2020,Tioga,0500000US36107,84,5,31
4/29/2020,Wayne,0500000US36117,70,0,17
4/29/2020,Fulton,0500000US36035,67,1,26
4/29/2020,Livingston,0500000US36051,67,2,16
4/29/2020,Otsego,0500000US36077,66,5,9
4/29/2020,Wyoming,0500000US36121,65,3,18
4/29/2020,Oswego,0500000US36075,63,0,56
4/29/2020,Delaware,0500000US36025,60,0,8
4/29/2020,Jefferson,0500000US36045,60,0,28
4/29/2020,Clinton,0500000US36019,59,4,109
4/29/2020,Herkimer,0500000US36043,58,1,38
4/29/2020,Montgomery,0500000US36057,51,1,16
4/29/2020,Cayuga,0500000US36011,48,1,25
4/29/2020,Cattaraugus,0500000US36009,47,1,37
4/29/2020,Schoharie,0500000US36095,39,0,244
4/29/2020,Seneca,0500000US36099,38,1,0
4/29/2020,Allegany,0500000US36003,35,0,7
4/29/2020,Essex,0500000US36031,33,0,15
4/29/2020,Chautauqua,0500000US36013,31,1,66
4/29/2020,Cortland,0500000US36023,28,0,20
4/29/2020,Yates,0500000US36123,17,1,12
4/29/2020,Franklin,0500000US36033,15,0,2
4/29/2020,Lewis,0500000US36049,9,0,3
4/29/2020,Schuyler,0500000US36097,7,0,6
4/29/2020,Hamilton,0500000US36041,3,0,0
4/28/2020,Nassau,0500000US36059,35085,2039,1875
4/28/2020,Suffolk,0500000US36103,32724,1179,0
4/28/2020,Bronx,0500000US36005,32470,2413,1
4/28/2020,Kings,0500000US36047,32470,2413,10049
4/28/2020,New York City,0500000US36061,32470,2413,1
4/28/2020,Queens,0500000US36081,32470,2413,5529
4/28/2020,Richmond,0500000US36085,32470,2413,856
4/28/2020,Westchester,0500000US36119,28245,1096,0
4/28/2020,Rockland,0500000US36087,11453,359,244
4/28/2020,Orange,0500000US36071,8389,223,315
4/28/2020,Erie,0500000US36029,3089,216,1987
4/28/2020,Dutchess,0500000US36027,2817,66,280
4/28/2020,Monroe,0500000US36055,1371,91,864
4/28/2020,Ulster,0500000US36111,1230,5,342
4/28/2020,Albany,0500000US36001,1009,45,557
4/28/2020,Putnam,0500000US36079,932,45,103
4/28/2020,Sullivan,0500000US36105,769,12,14
4/28/2020,Onondaga,0500000US36067,742,31,633
4/28/2020,Schenectady,0500000US36093,469,25,307
4/28/2020,Oneida,0500000US36065,411,12,215
4/28/2020,Niagara,0500000US36063,386,11,210
4/28/2020,Saratoga,0500000US36091,343,3,26
4/28/2020,Broome,0500000US36007,266,15,139
4/28/2020,Rensselaer,0500000US36083,250,17,240
4/28/2020,Steuben,0500000US36101,210,11,16
4/28/2020,St. Lawrence,0500000US36089,170,2,22
4/28/2020,Columbia,0500000US36021,154,16,14
4/28/2020,Warren,0500000US36113,150,8,66
4/28/2020,Genesee,0500000US36037,149,2,30
4/28/2020,Washington,0500000US36115,131,0,9
4/28/2020,Madison,0500000US36053,126,3,3
4/28/2020,Tompkins,0500000US36109,126,2,167
4/28/2020,Chemung,0500000US36015,113,3,78
4/28/2020,Greene,0500000US36039,112,0,11
4/28/2020,Chenango,0500000US36017,95,0,2
4/28/2020,Ontario,0500000US36069,90,3,60
4/28/2020,Tioga,0500000US36107,82,4,29
4/28/2020,Orleans,0500000US36073,80,5,2
4/28/2020,Wayne,0500000US36117,70,0,17
4/28/2020,Fulton,0500000US36035,66,1,25
4/28/2020,Livingston,0500000US36051,65,2,13
4/28/2020,Otsego,0500000US36077,65,5,9
4/28/2020,Oswego,0500000US36075,63,0,53
4/28/2020,Wyoming,0500000US36121,63,3,17
4/28/2020,Jefferson,0500000US36045,60,0,27
4/28/2020,Clinton,0500000US36019,59,4,105
4/28/2020,Delaware,0500000US36025,59,0,8
4/28/2020,Herkimer,0500000US36043,58,1,37
4/28/2020,Montgomery,0500000US36057,49,1,15
4/28/2020,Cayuga,0500000US36011,48,1,24
4/28/2020,Cattaraugus,0500000US36009,45,1,36
4/28/2020,Schoharie,0500000US36095,38,0,234
4/28/2020,Seneca,0500000US36099,38,1,0
4/28/2020,Allegany,0500000US36003,35,0,7
4/28/2020,Essex,0500000US36031,32,0,14
4/28/2020,Chautauqua,0500000US36013,30,1,65
4/28/2020,Cortland,0500000US36023,28,0,20
4/28/2020,Yates,0500000US36123,17,1,11
4/28/2020,Franklin,0500000US36033,14,0,2
4/28/2020,Lewis,0500000US36049,9,0,3
4/28/2020,Schuyler,0500000US36097,7,0,6
4/28/2020,Hamilton,0500000US36041,3,0,0
4/27/2020,Nassau,0500000US36059,34865,2003,1811
4/27/2020,Suffolk,0500000US36103,32470,1147,0
4/27/2020,Bronx,0500000US36005,32100,2371,1
4/27/2020,Kings,0500000US36047,32100,2371,9573
4/27/2020,New York City,0500000US36061,32100,2371,1
4/27/2020,Queens,0500000US36081,32100,2371,5294
4/27/2020,Richmond,0500000US36085,32100,2371,818
4/27/2020,Westchester,0500000US36119,28007,1077,0
4/27/2020,Rockland,0500000US36087,11366,355,224
4/27/2020,Orange,0500000US36071,8253,213,299
4/27/2020,Erie,0500000US36029,3021,208,1903
4/27/2020,Dutchess,0500000US36027,2793,66,261
4/27/2020,Monroe,0500000US36055,1331,89,835
4/27/2020,Ulster,0500000US36111,1219,4,336
4/27/2020,Albany,0500000US36001,979,45,499
4/27/2020,Putnam,0500000US36079,925,42,101
4/27/2020,Sullivan,0500000US36105,748,11,14
4/27/2020,Onondaga,0500000US36067,726,30,590
4/27/2020,Schenectady,0500000US36093,457,22,293
4/27/2020,Oneida,0500000US36065,397,11,208
4/27/2020,Niagara,0500000US36063,378,11,203
4/27/2020,Saratoga,0500000US36091,336,3,26
4/27/2020,Broome,0500000US36007,261,14,132
4/27/2020,Rensselaer,0500000US36083,246,17,228
4/27/2020,Steuben,0500000US36101,209,10,16
4/27/2020,St. Lawrence,0500000US36089,169,2,21
4/27/2020,Genesee,0500000US36037,148,2,28
4/27/2020,Warren,0500000US36113,147,8,64
4/27/2020,Columbia,0500000US36021,146,16,14
4/27/2020,Washington,0500000US36115,130,0,9
4/27/2020,Tompkins,0500000US36109,126,2,162
4/27/2020,Madison,0500000US36053,124,3,3
4/27/2020,Greene,0500000US36039,111,0,10
4/27/2020,Chemung,0500000US36015,108,3,58
4/27/2020,Chenango,0500000US36017,95,0,2
4/27/2020,Ontario,0500000US36069,86,3,55
4/27/2020,Orleans,0500000US36073,80,4,2
4/27/2020,Tioga,0500000US36107,71,3,25
4/27/2020,Wayne,0500000US36117,69,0,16
4/27/2020,Wyoming,0500000US36121,63,3,16
4/27/2020,Fulton,0500000US36035,62,1,24
4/27/2020,Livingston,0500000US36051,62,2,13
4/27/2020,Otsego,0500000US36077,62,5,9
4/27/2020,Oswego,0500000US36075,61,0,53
4/27/2020,Jefferson,0500000US36045,60,0,27
4/27/2020,Clinton,0500000US36019,59,4,94
4/27/2020,Delaware,0500000US36025,58,0,8
4/27/2020,Herkimer,0500000US36043,58,1,33
4/27/2020,Cayuga,0500000US36011,48,1,21
4/27/2020,Montgomery,0500000US36057,47,1,13
4/27/2020,Cattaraugus,0500000US36009,45,1,35
4/27/2020,Seneca,0500000US36099,38,1,0
4/27/2020,Allegany,0500000US36003,35,0,6
4/27/2020,Schoharie,0500000US36095,35,0,223
4/27/2020,Chautauqua,0500000US36013,30,1,63
4/27/2020,Essex,0500000US36031,30,0,13
4/27/2020,Cortland,0500000US36023,28,0,20
4/27/2020,Yates,0500000US36123,17,1,8
4/27/2020,Franklin,0500000US36033,14,0,1
4/27/2020,Lewis,0500000US36049,9,0,3
4/27/2020,Schuyler,0500000US36097,7,0,6
4/27/2020,Hamilton,0500000US36041,3,0,0
4/26/2020,Nassau,0500000US36059,34522,1962,1744
4/26/2020,Suffolk,0500000US36103,32059,1115,0
4/26/2020,Bronx,0500000US36005,31654,2330,1
4/26/2020,Kings,0500000US36047,31654,2330,9195
4/26/2020,New York City,0500000US36061,31654,2330,1
4/26/2020,Queens,0500000US36081,31654,2330,5075
4/26/2020,Richmond,0500000US36085,31654,2330,781
4/26/2020,Westchester,0500000US36119,27664,1054,0
4/26/2020,Rockland,0500000US36087,11256,349,217
4/26/2020,Orange,0500000US36071,8121,203,289
4/26/2020,Erie,0500000US36029,2954,205,1832
4/26/2020,Dutchess,0500000US36027,2729,65,250
4/26/2020,Monroe,0500000US36055,1316,85,799
4/26/2020,Ulster,0500000US36111,1190,3,328
4/26/2020,Albany,0500000US36001,948,45,472
4/26/2020,Putnam,0500000US36079,904,42,97
4/26/2020,Sullivan,0500000US36105,724,10,14
4/26/2020,Onondaga,0500000US36067,692,30,566
4/26/2020,Schenectady,0500000US36093,449,22,284
4/26/2020,Oneida,0500000US36065,384,11,202
4/26/2020,Niagara,0500000US36063,368,11,196
4/26/2020,Saratoga,0500000US36091,330,3,22
4/26/2020,Broome,0500000US36007,257,13,125
4/26/2020,Rensselaer,0500000US36083,242,13,216
4/26/2020,Steuben,0500000US36101,207,10,16
4/26/2020,St. Lawrence,0500000US36089,167,1,20
4/26/2020,Genesee,0500000US36037,144,2,25
4/26/2020,Columbia,0500000US36021,143,16,14
4/26/2020,Warren,0500000US36113,135,8,62
4/26/2020,Washington,0500000US36115,127,0,8
4/26/2020,Tompkins,0500000US36109,126,2,154
4/26/2020,Madison,0500000US36053,123,3,2
4/26/2020,Greene,0500000US36039,110,0,10
4/26/2020,Chemung,0500000US36015,106,3,56
4/26/2020,Chenango,0500000US36017,93,0,2
4/26/2020,Ontario,0500000US36069,84,3,51
4/26/2020,Orleans,0500000US36073,80,4,2
4/26/2020,Tioga,0500000US36107,71,3,21
4/26/2020,Wayne,0500000US36117,65,0,16
4/26/2020,Fulton,0500000US36035,62,1,23
4/26/2020,Oswego,0500000US36075,61,0,51
4/26/2020,Jefferson,0500000US36045,60,0,27
4/26/2020,Livingston,0500000US36051,60,2,11
4/26/2020,Otsego,0500000US36077,60,5,8
4/26/2020,Wyoming,0500000US36121,59,3,15
4/26/2020,Delaware,0500000US36025,58,0,7
4/26/2020,Clinton,0500000US36019,57,4,90
4/26/2020,Herkimer,0500000US36043,57,1,31
4/26/2020,Cayuga,0500000US36011,47,1,21
4/26/2020,Montgomery,0500000US36057,47,1,13
4/26/2020,Cattaraugus,0500000US36009,45,1,33
4/26/2020,Seneca,0500000US36099,38,1,0
4/26/2020,Allegany,0500000US36003,35,0,6
4/26/2020,Schoharie,0500000US36095,35,0,219
4/26/2020,Essex,0500000US36031,30,0,13
4/26/2020,Chautauqua,0500000US36013,29,1,60
4/26/2020,Cortland,0500000US36023,28,0,20
4/26/2020,Yates,0500000US36123,17,1,7
4/26/2020,Franklin,0500000US36033,14,0,1
4/26/2020,Lewis,0500000US36049,9,0,3
4/26/2020,Schuyler,0500000US36097,7,0,6
4/26/2020,Hamilton,0500000US36041,3,0,0
4/25/2020,Nassau,0500000US36059,33798,1917,1691
4/25/2020,Suffolk,0500000US36103,31368,1085,0
4/25/2020,Bronx,0500000US36005,31025,2284,1
4/25/2020,Kings,0500000US36047,31025,2284,8819
4/25/2020,New York City,0500000US36061,31025,2284,1
4/25/2020,Queens,0500000US36081,31025,2284,4882
4/25/2020,Richmond,0500000US36085,31025,2284,751
4/25/2020,Westchester,0500000US36119,27230,1022,0
4/25/2020,Rockland,0500000US36087,11091,340,203
4/25/2020,Orange,0500000US36071,7988,200,279
4/25/2020,Erie,0500000US36029,2773,199,1764
4/25/2020,Dutchess,0500000US36027,2660,65,239
4/25/2020,Monroe,0500000US36055,1285,82,775
4/25/2020,Ulster,0500000US36111,1166,3,323
4/25/2020,Albany,0500000US36001,899,43,460
4/25/2020,Putnam,0500000US36079,885,42,95
4/25/2020,Sullivan,0500000US36105,689,9,13
4/25/2020,Onondaga,0500000US36067,664,30,545
4/25/2020,Schenectady,0500000US36093,431,21,277
4/25/2020,Oneida,0500000US36065,364,8,199
4/25/2020,Niagara,0500000US36063,344,11,190
4/25/2020,Saratoga,0500000US36091,320,3,19
4/25/2020,Broome,0500000US36007,251,13,119
4/25/2020,Rensselaer,0500000US36083,221,12,205
4/25/2020,Steuben,0500000US36101,204,10,16
4/25/2020,St. Lawrence,0500000US36089,156,1,20
4/25/2020,Genesee,0500000US36037,141,2,25
4/25/2020,Columbia,0500000US36021,140,16,14
4/25/2020,Warren,0500000US36113,132,7,61
4/25/2020,Tompkins,0500000US36109,126,2,141
4/25/2020,Madison,0500000US36053,121,3,3
4/25/2020,Washington,0500000US36115,113,0,8
4/25/2020,Greene,0500000US36039,107,0,10
4/25/2020,Chemung,0500000US36015,103,3,56
4/25/2020,Chenango,0500000US36017,91,0,2
4/25/2020,Ontario,0500000US36069,82,3,51
4/25/2020,Orleans,0500000US36073,75,3,2
4/25/2020,Tioga,0500000US36107,71,3,19
4/25/2020,Wayne,0500000US36117,65,0,15
4/25/2020,Fulton,0500000US36035,61,1,22
4/25/2020,Otsego,0500000US36077,60,5,7
4/25/2020,Jefferson,0500000US36045,59,0,24
4/25/2020,Delaware,0500000US36025,58,0,7
4/25/2020,Livingston,0500000US36051,58,2,11
4/25/2020,Oswego,0500000US36075,57,0,49
4/25/2020,Wyoming,0500000US36121,57,3,14
4/25/2020,Herkimer,0500000US36043,56,1,29
4/25/2020,Clinton,0500000US36019,54,4,88
4/25/2020,Cayuga,0500000US36011,47,1,18
4/25/2020,Montgomery,0500000US36057,46,1,13
4/25/2020,Cattaraugus,0500000US36009,45,1,33
4/25/2020,Seneca,0500000US36099,36,1,0
4/25/2020,Allegany,0500000US36003,35,0,6
4/25/2020,Schoharie,0500000US36095,33,0,212
4/25/2020,Essex,0500000US36031,30,0,13
4/25/2020,Cortland,0500000US36023,28,0,20
4/25/2020,Chautauqua,0500000US36013,27,1,58
4/25/2020,Yates,0500000US36123,16,1,6
4/25/2020,Franklin,0500000US36033,14,0,1
4/25/2020,Lewis,0500000US36049,9,0,3
4/25/2020,Schuyler,0500000US36097,7,0,6
4/25/2020,Hamilton,0500000US36041,3,0,0
4/24/2020,Nassau,0500000US36059,32765,1867,1632
4/24/2020,Suffolk,0500000US36103,30606,1035,0
4/24/2020,Bronx,0500000US36005,30097,2231,1
4/24/2020,Kings,0500000US36047,30097,2231,8394
4/24/2020,New York City,0500000US36061,30097,2231,1
4/24/2020,Queens,0500000US36081,30097,2231,4633
4/24/2020,Richmond,0500000US36085,30097,2231,714
4/24/2020,Westchester,0500000US36119,26632,989,0
4/24/2020,Rockland,0500000US36087,10091,334,196
4/24/2020,Orange,0500000US36071,7170,194,274
4/24/2020,Erie,0500000US36029,2603,184,1703
4/24/2020,Dutchess,0500000US36027,2517,63,231
4/24/2020,Monroe,0500000US36055,1199,78,746
4/24/2020,Ulster,0500000US36111,976,3,313
4/24/2020,Albany,0500000US36001,805,42,444
4/24/2020,Onondaga,0500000US36067,639,29,521
4/24/2020,Sullivan,0500000US36105,628,9,12
4/24/2020,Putnam,0500000US36079,619,42,94
4/24/2020,Niagara,0500000US36063,332,11,182
4/24/2020,Oneida,0500000US36065,323,8,193
4/24/2020,Schenectady,0500000US36093,297,20,268
4/24/2020,Saratoga,0500000US36091,278,2,19
4/24/2020,Broome,0500000US36007,232,11,111
4/24/2020,Rensselaer,0500000US36083,198,12,193
4/24/2020,Steuben,0500000US36101,171,10,16
4/24/2020,St. Lawrence,0500000US36089,144,1,19
4/24/2020,Columbia,0500000US36021,129,16,13
4/24/2020,Genesee,0500000US36037,127,2,23
4/24/2020,Warren,0500000US36113,122,7,60
4/24/2020,Tompkins,0500000US36109,121,2,134
4/24/2020,Madison,0500000US36053,106,3,3
4/24/2020,Greene,0500000US36039,90,0,10
4/24/2020,Chenango,0500000US36017,84,0,2
4/24/2020,Washington,0500000US36115,83,0,7
4/24/2020,Chemung,0500000US36015,79,3,51
4/24/2020,Ontario,0500000US36069,73,3,46
4/24/2020,Orleans,0500000US36073,60,2,2
4/24/2020,Jefferson,0500000US36045,58,0,21
4/24/2020,Herkimer,0500000US36043,56,1,28
4/24/2020,Clinton,0500000US36019,53,4,85
4/24/2020,Wayne,0500000US36117,53,0,15
4/24/2020,Delaware,0500000US36025,51,0,7
4/24/2020,Oswego,0500000US36075,51,0,48
4/24/2020,Otsego,0500000US36077,50,5,7
4/24/2020,Livingston,0500000US36051,44,2,11
4/24/2020,Wyoming,0500000US36121,43,3,13
4/24/2020,Tioga,0500000US36107,40,2,18
4/24/2020,Cattaraugus,0500000US36009,39,0,33
4/24/2020,Cayuga,0500000US36011,39,1,18
4/24/2020,Montgomery,0500000US36057,39,1,11
4/24/2020,Allegany,0500000US36003,31,0,6
4/24/2020,Fulton,0500000US36035,29,1,16
4/24/2020,Essex,0500000US36031,28,0,13
4/24/2020,Chautauqua,0500000US36013,27,1,53
4/24/2020,Cortland,0500000US36023,25,0,20
4/24/2020,Schoharie,0500000US36095,21,0,203
4/24/2020,Seneca,0500000US36099,18,1,0
4/24/2020,Franklin,0500000US36033,13,0,0
4/24/2020,Yates,0500000US36123,11,1,6
4/24/2020,Lewis,0500000US36049,9,0,3
4/24/2020,Schuyler,0500000US36097,7,0,6
4/24/2020,Hamilton,0500000US36041,3,0,0
4/23/2020,Nassau,0500000US36059,32124,1813,1529
4/23/2020,Suffolk,0500000US36103,29567,994,0
4/23/2020,Bronx,0500000US36005,29171,2178,1
4/23/2020,Kings,0500000US36047,29171,2178,7927
4/23/2020,New York City,0500000US36061,29171,2178,1
4/23/2020,Queens,0500000US36081,29171,2178,4365
4/23/2020,Richmond,0500000US36085,29171,2178,673
4/23/2020,Westchester,0500000US36119,25959,962,0
4/23/2020,Rockland,0500000US36087,9828,322,184
4/23/2020,Orange,0500000US36071,6816,190,259
4/23/2020,Dutchess,0500000US36027,2460,60,217
4/23/2020,Erie,0500000US36029,2450,179,1596
4/23/2020,Monroe,0500000US36055,1152,77,712
4/23/2020,Ulster,0500000US36111,942,3,298
4/23/2020,Albany,0500000US36001,758,41,410
4/23/2020,Putnam,0500000US36079,615,41,92
4/23/2020,Onondaga,0500000US36067,600,28,493
4/23/2020,Sullivan,0500000US36105,580,8,11
4/23/2020,Oneida,0500000US36065,317,8,177
4/23/2020,Niagara,0500000US36063,295,11,176
4/23/2020,Schenectady,0500000US36093,288,20,256
4/23/2020,Saratoga,0500000US36091,265,2,18
4/23/2020,Broome,0500000US36007,224,10,103
4/23/2020,Rensselaer,0500000US36083,191,12,180
4/23/2020,Steuben,0500000US36101,171,9,16
4/23/2020,St. Lawrence,0500000US36089,139,1,17
4/23/2020,Genesee,0500000US36037,126,2,20
4/23/2020,Columbia,0500000US36021,123,16,13
4/23/2020,Tompkins,0500000US36109,119,2,119
4/23/2020,Warren,0500000US36113,119,7,57
4/23/2020,Madison,0500000US36053,106,3,3
4/23/2020,Greene,0500000US36039,89,0,9
4/23/2020,Chenango,0500000US36017,82,0,2
4/23/2020,Washington,0500000US36115,80,0,6
4/23/2020,Chemung,0500000US36015,76,3,45
4/23/2020,Ontario,0500000US36069,73,3,43
4/23/2020,Orleans,0500000US36073,59,2,2
4/23/2020,Jefferson,0500000US36045,56,0,20
4/23/2020,Herkimer,0500000US36043,54,1,26
4/23/2020,Wayne,0500000US36117,53,0,14
4/23/2020,Clinton,0500000US36019,52,4,79
4/23/2020,Delaware,0500000US36025,50,0,7
4/23/2020,Otsego,0500000US36077,50,5,6
4/23/2020,Oswego,0500000US36075,49,0,42
4/23/2020,Livingston,0500000US36051,41,2,11
4/23/2020,Wyoming,0500000US36121,41,3,12
4/23/2020,Tioga,0500000US36107,40,2,18
4/23/2020,Montgomery,0500000US36057,39,1,10
4/23/2020,Cattaraugus,0500000US36009,37,0,30
4/23/2020,Cayuga,0500000US36011,37,1,18
4/23/2020,Allegany,0500000US36003,30,0,5
4/23/2020,Fulton,0500000US36035,28,0,14
4/23/2020,Chautauqua,0500000US36013,26,1,50
4/23/2020,Cortland,0500000US36023,25,0,19
4/23/2020,Essex,0500000US36031,22,0,10
4/23/2020,Schoharie,0500000US36095,21,0,199
4/23/2020,Seneca,0500000US36099,18,1,0
4/23/2020,Franklin,0500000US36033,13,0,0
4/23/2020,Yates,0500000US36123,11,1,4
4/23/2020,Lewis,0500000US36049,9,0,3
4/23/2020,Schuyler,0500000US36097,7,0,6
4/23/2020,Hamilton,0500000US36041,3,0,0
4/22/2020,Nassau,0500000US36059,31555,1764,1443
4/22/2020,Suffolk,0500000US36103,28854,959,0
4/22/2020,Bronx,0500000US36005,28488,2123,1
4/22/2020,Kings,0500000US36047,28488,2123,7511
4/22/2020,New York City,0500000US36061,28488,2123,1
4/22/2020,Queens,0500000US36081,28488,2123,4137
4/22/2020,Richmond,0500000US36085,28488,2123,630
4/22/2020,Westchester,0500000US36119,25275,932,0
4/22/2020,Rockland,0500000US36087,9699,309,176
4/22/2020,Orange,0500000US36071,6705,183,238
4/22/2020,Dutchess,0500000US36027,2391,57,204
4/22/2020,Erie,0500000US36029,2233,174,1507
4/22/2020,Monroe,0500000US36055,1112,72,686
4/22/2020,Ulster,0500000US36111,913,3,288
4/22/2020,Albany,0500000US36001,737,36,388
4/22/2020,Putnam,0500000US36079,611,39,84
4/22/2020,Sullivan,0500000US36105,561,8,11
4/22/2020,Onondaga,0500000US36067,526,28,463
4/22/2020,Oneida,0500000US36065,301,8,168
4/22/2020,Schenectady,0500000US36093,280,19,239
4/22/2020,Niagara,0500000US36063,268,10,172
4/22/2020,Saratoga,0500000US36091,264,2,17
4/22/2020,Broome,0500000US36007,219,8,98
4/22/2020,Rensselaer,0500000US36083,186,11,178
4/22/2020,Steuben,0500000US36101,171,9,16
4/22/2020,St. Lawrence,0500000US36089,123,1,13
4/22/2020,Genesee,0500000US36037,122,2,20
4/22/2020,Tompkins,0500000US36109,119,2,108
4/22/2020,Columbia,0500000US36021,117,16,13
4/22/2020,Warren,0500000US36113,108,6,57
4/22/2020,Madison,0500000US36053,106,3,3
4/22/2020,Greene,0500000US36039,87,0,8
4/22/2020,Chenango,0500000US36017,79,0,2
4/22/2020,Chemung,0500000US36015,75,2,44
4/22/2020,Ontario,0500000US36069,73,3,41
4/22/2020,Washington,0500000US36115,73,0,5
4/22/2020,Orleans,0500000US36073,56,1,2
4/22/2020,Jefferson,0500000US36045,54,0,17
4/22/2020,Herkimer,0500000US36043,53,1,26
4/22/2020,Wayne,0500000US36117,52,0,14
4/22/2020,Clinton,0500000US36019,51,3,76
4/22/2020,Delaware,0500000US36025,50,0,7
4/22/2020,Oswego,0500000US36075,49,0,39
4/22/2020,Otsego,0500000US36077,49,5,6
4/22/2020,Wyoming,0500000US36121,40,3,12
4/22/2020,Livingston,0500000US36051,39,2,11
4/22/2020,Tioga,0500000US36107,39,2,18
4/22/2020,Montgomery,0500000US36057,38,1,10
4/22/2020,Cattaraugus,0500000US36009,37,0,25
4/22/2020,Cayuga,0500000US36011,36,1,18
4/22/2020,Allegany,0500000US36003,30,0,5
4/22/2020,Essex,0500000US36031,28,0,10
4/22/2020,Fulton,0500000US36035,28,0,14
4/22/2020,Chautauqua,0500000US36013,26,1,49
4/22/2020,Cortland,0500000US36023,25,0,19
4/22/2020,Schoharie,0500000US36095,20,0,186
4/22/2020,Seneca,0500000US36099,18,1,0
4/22/2020,Franklin,0500000US36033,13,0,0
4/22/2020,Yates,0500000US36123,11,1,4
4/22/2020,Lewis,0500000US36049,9,0,2
4/22/2020,Schuyler,0500000US36097,7,0,6
4/22/2020,Hamilton,0500000US36041,3,0,0
4/21/2020,Nassau,0500000US36059,31079,1717,1349
4/21/2020,Suffolk,0500000US36103,28154,918,0
4/21/2020,Bronx,0500000US36005,27867,2060,1
4/21/2020,Kings,0500000US36047,27867,2060,7043
4/21/2020,New York City,0500000US36061,27867,2060,1
4/21/2020,Queens,0500000US36081,27867,2060,3888
4/21/2020,Richmond,0500000US36085,27867,2060,593
4/21/2020,Westchester,0500000US36119,24655,904,0
4/21/2020,Rockland,0500000US36087,9568,297,164
4/21/2020,Orange,0500000US36071,6576,181,222
4/21/2020,Dutchess,0500000US36027,2331,53,191
4/21/2020,Erie,0500000US36029,2147,161,1434
4/21/2020,Monroe,0500000US36055,1070,69,655
4/21/2020,Ulster,0500000US36111,893,2,269
4/21/2020,Albany,0500000US36001,704,36,351
4/21/2020,Putnam,0500000US36079,605,38,78
4/21/2020,Sullivan,0500000US36105,555,8,11
4/21/2020,Onondaga,0500000US36067,514,26,451
4/21/2020,Oneida,0500000US36065,284,6,157
4/21/2020,Schenectady,0500000US36093,273,18,216
4/21/2020,Niagara,0500000US36063,260,9,163
4/21/2020,Saratoga,0500000US36091,257,2,17
4/21/2020,Broome,0500000US36007,205,7,93
4/21/2020,Rensselaer,0500000US36083,183,11,174
4/21/2020,Steuben,0500000US36101,170,9,12
4/21/2020,Genesee,0500000US36037,121,2,20
4/21/2020,St. Lawrence,0500000US36089,120,1,13
4/21/2020,Tompkins,0500000US36109,119,2,99
4/21/2020,Columbia,0500000US36021,113,16,13
4/21/2020,Madison,0500000US36053,106,3,3
4/21/2020,Warren,0500000US36113,102,6,53
4/21/2020,Greene,0500000US36039,87,0,8
4/21/2020,Chenango,0500000US36017,79,0,2
4/21/2020,Chemung,0500000US36015,75,2,42
4/21/2020,Ontario,0500000US36069,72,2,36
4/21/2020,Washington,0500000US36115,68,0,4
4/21/2020,Jefferson,0500000US36045,54,0,12
4/21/2020,Orleans,0500000US36073,53,1,2
4/21/2020,Clinton,0500000US36019,51,3,66
4/21/2020,Wayne,0500000US36117,51,0,13
4/21/2020,Herkimer,0500000US36043,50,1,24
4/21/2020,Delaware,0500000US36025,49,0,6
4/21/2020,Oswego,0500000US36075,49,0,35
4/21/2020,Otsego,0500000US36077,49,5,6
4/21/2020,Livingston,0500000US36051,39,2,10
4/21/2020,Montgomery,0500000US36057,37,1,10
4/21/2020,Tioga,0500000US36107,37,2,17
4/21/2020,Cayuga,0500000US36011,36,1,16
4/21/2020,Wyoming,0500000US36121,36,3,12
4/21/2020,Cattaraugus,0500000US36009,35,0,21
4/21/2020,Allegany,0500000US36003,30,0,5
4/21/2020,Essex,0500000US36031,27,0,9
4/21/2020,Fulton,0500000US36035,27,0,13
4/21/2020,Chautauqua,0500000US36013,25,1,46
4/21/2020,Cortland,0500000US36023,25,0,19
4/21/2020,Schoharie,0500000US36095,20,0,180
4/21/2020,Seneca,0500000US36099,18,1,0
4/21/2020,Franklin,0500000US36033,13,0,0
4/21/2020,Yates,0500000US36123,10,0,4
4/21/2020,Lewis,0500000US36049,9,0,2
4/21/2020,Schuyler,0500000US36097,7,0,6
4/21/2020,Hamilton,0500000US36041,3,0,0
4/20/2020,Nassau,0500000US36059,30677,1638,1231
4/20/2020,Suffolk,0500000US36103,27662,887,0
4/20/2020,Bronx,0500000US36005,27363,2002,1
4/20/2020,Kings,0500000US36047,27363,2002,6535
4/20/2020,New York City,0500000US36061,27363,2002,1
4/20/2020,Queens,0500000US36081,27363,2002,3661
4/20/2020,Richmond,0500000US36085,27363,2002,560
4/20/2020,Westchester,0500000US36119,24306,867,0
4/20/2020,Rockland,0500000US36087,9457,286,154
4/20/2020,Orange,0500000US36071,6497,169,205
4/20/2020,Dutchess,0500000US36027,2284,52,185
4/20/2020,Erie,0500000US36029,2109,153,1346
4/20/2020,Monroe,0500000US36055,1054,66,615
4/20/2020,Ulster,0500000US36111,877,2,263
4/20/2020,Albany,0500000US36001,687,35,304
4/20/2020,Putnam,0500000US36079,599,37,70
4/20/2020,Sullivan,0500000US36105,544,8,10
4/20/2020,Onondaga,0500000US36067,509,24,421
4/20/2020,Oneida,0500000US36065,279,6,141
4/20/2020,Schenectady,0500000US36093,269,18,198
4/20/2020,Niagara,0500000US36063,255,9,152
4/20/2020,Saratoga,0500000US36091,254,2,17
4/20/2020,Broome,0500000US36007,199,7,84
4/20/2020,Rensselaer,0500000US36083,177,10,161
4/20/2020,Steuben,0500000US36101,167,9,12
4/20/2020,Genesee,0500000US36037,119,2,18
4/20/2020,Tompkins,0500000US36109,119,2,89
4/20/2020,Columbia,0500000US36021,111,15,13
4/20/2020,St. Lawrence,0500000US36089,110,1,10
4/20/2020,Madison,0500000US36053,106,3,3
4/20/2020,Warren,0500000US36113,101,6,50
4/20/2020,Greene,0500000US36039,86,0,8
4/20/2020,Chenango,0500000US36017,78,0,2
4/20/2020,Chemung,0500000US36015,73,2,36
4/20/2020,Ontario,0500000US36069,71,2,33
4/20/2020,Washington,0500000US36115,65,0,4
4/20/2020,Jefferson,0500000US36045,54,0,12
4/20/2020,Clinton,0500000US36019,51,3,65
4/20/2020,Wayne,0500000US36117,50,0,12
4/20/2020,Delaware,0500000US36025,49,0,6
4/20/2020,Herkimer,0500000US36043,49,1,21
4/20/2020,Otsego,0500000US36077,49,5,6
4/20/2020,Oswego,0500000US36075,48,0,33
4/20/2020,Orleans,0500000US36073,46,1,2
4/20/2020,Livingston,0500000US36051,39,2,10
4/20/2020,Tioga,0500000US36107,37,1,17
4/20/2020,Cayuga,0500000US36011,36,1,13
4/20/2020,Wyoming,0500000US36121,36,3,12
4/20/2020,Montgomery,0500000US36057,35,1,10
4/20/2020,Cattaraugus,0500000US36009,34,0,21
4/20/2020,Allegany,0500000US36003,30,0,5
4/20/2020,Fulton,0500000US36035,27,0,13
4/20/2020,Essex,0500000US36031,26,0,8
4/20/2020,Chautauqua,0500000US36013,25,1,42
4/20/2020,Cortland,0500000US36023,25,0,18
4/20/2020,Schoharie,0500000US36095,20,0,172
4/20/2020,Seneca,0500000US36099,18,1,0
4/20/2020,Franklin,0500000US36033,13,0,0
4/20/2020,Yates,0500000US36123,10,0,4
4/20/2020,Lewis,0500000US36049,9,0,2
4/20/2020,Schuyler,0500000US36097,7,0,6
4/20/2020,Hamilton,0500000US36041,3,0,0
4/19/2020,Nassau,0500000US36059,30013,1577,1132
4/19/2020,Bronx,0500000US36005,26889,1942,1
4/19/2020,Kings,0500000US36047,26889,1942,6057
4/19/2020,New York City,0500000US36061,26889,1942,1
4/19/2020,Queens,0500000US36081,26889,1942,3393
4/19/2020,Richmond,0500000US36085,26889,1942,525
4/19/2020,Suffolk,0500000US36103,26888,845,0
4/19/2020,Westchester,0500000US36119,23803,831,0
4/19/2020,Rockland,0500000US36087,9364,276,147
4/19/2020,Orange,0500000US36071,6394,165,196
4/19/2020,Dutchess,0500000US36027,2240,51,169
4/19/2020,Erie,0500000US36029,2070,146,1227
4/19/2020,Monroe,0500000US36055,1032,61,567
4/19/2020,Ulster,0500000US36111,854,2,221
4/19/2020,Albany,0500000US36001,682,33,282
4/19/2020,Putnam,0500000US36079,592,35,57
4/19/2020,Sullivan,0500000US36105,537,8,9
4/19/2020,Onondaga,0500000US36067,498,22,388
4/19/2020,Oneida,0500000US36065,275,4,125
4/19/2020,Schenectady,0500000US36093,268,18,185
4/19/2020,Saratoga,0500000US36091,251,1,17
4/19/2020,Niagara,0500000US36063,246,9,143
4/19/2020,Broome,0500000US36007,192,7,80
4/19/2020,Rensselaer,0500000US36083,173,10,153
4/19/2020,Steuben,0500000US36101,167,7,11
4/19/2020,Genesee,0500000US36037,117,2,17
4/19/2020,Tompkins,0500000US36109,117,2,85
4/19/2020,Columbia,0500000US36021,107,15,12
4/19/2020,Madison,0500000US36053,106,3,3
4/19/2020,St. Lawrence,0500000US36089,105,1,9
4/19/2020,Warren,0500000US36113,96,6,46
4/19/2020,Greene,0500000US36039,85,0,8
4/19/2020,Chenango,0500000US36017,78,0,2
4/19/2020,Chemung,0500000US36015,73,2,32
4/19/2020,Ontario,0500000US36069,70,2,29
4/19/2020,Washington,0500000US36115,63,0,4
4/19/2020,Jefferson,0500000US36045,54,0,12
4/19/2020,Wayne,0500000US36117,50,0,9
4/19/2020,Clinton,0500000US36019,49,3,60
4/19/2020,Delaware,0500000US36025,49,0,5
4/19/2020,Herkimer,0500000US36043,49,1,21
4/19/2020,Otsego,0500000US36077,48,5,6
4/19/2020,Oswego,0500000US36075,47,0,31
4/19/2020,Orleans,0500000US36073,46,1,2
4/19/2020,Livingston,0500000US36051,39,2,10
4/19/2020,Cayuga,0500000US36011,36,1,13
4/19/2020,Wyoming,0500000US36121,36,3,10
4/19/2020,Montgomery,0500000US36057,35,1,10
4/19/2020,Tioga,0500000US36107,35,1,15
4/19/2020,Cattaraugus,0500000US36009,34,0,20
4/19/2020,Allegany,0500000US36003,30,0,5
4/19/2020,Fulton,0500000US36035,27,0,11
4/19/2020,Chautauqua,0500000US36013,25,1,39
4/19/2020,Cortland,0500000US36023,25,0,17
4/19/2020,Essex,0500000US36031,24,0,7
4/19/2020,Schoharie,0500000US36095,20,0,162
4/19/2020,Seneca,0500000US36099,18,1,0
4/19/2020,Franklin,0500000US36033,13,0,0
4/19/2020,Yates,0500000US36123,9,0,4
4/19/2020,Lewis,0500000US36049,8,0,2
4/19/2020,Schuyler,0500000US36097,6,0,4
4/19/2020,Hamilton,0500000US36041,3,0,0
4/18/2020,Nassau,0500000US36059,29180,1356,1021
4/18/2020,Bronx,0500000US36005,26255,1726,1
4/18/2020,Kings,0500000US36047,26255,1726,5610
4/18/2020,New York City,0500000US36061,26255,1726,1
4/18/2020,Queens,0500000US36081,26255,1726,3146
4/18/2020,Richmond,0500000US36085,26255,1726,480
4/18/2020,Suffolk,0500000US36103,26143,706,0
4/18/2020,Westchester,0500000US36119,23179,738,0
4/18/2020,Rockland,0500000US36087,9171,234,138
4/18/2020,Orange,0500000US36071,6281,144,188
4/18/2020,Dutchess,0500000US36027,2201,45,152
4/18/2020,Erie,0500000US36029,1997,115,1137
4/18/2020,Monroe,0500000US36055,1008,49,507
4/18/2020,Ulster,0500000US36111,820,2,215
4/18/2020,Albany,0500000US36001,648,26,271
4/18/2020,Putnam,0500000US36079,582,29,51
4/18/2020,Sullivan,0500000US36105,524,7,9
4/18/2020,Onondaga,0500000US36067,492,15,364
4/18/2020,Oneida,0500000US36065,268,4,108
4/18/2020,Schenectady,0500000US36093,259,17,176
4/18/2020,Saratoga,0500000US36091,244,1,15
4/18/2020,Niagara,0500000US36063,234,8,134
4/18/2020,Broome,0500000US36007,186,6,73
4/18/2020,Rensselaer,0500000US36083,164,9,151
4/18/2020,Steuben,0500000US36101,160,5,10
4/18/2020,Tompkins,0500000US36109,117,2,81
4/18/2020,Columbia,0500000US36021,105,13,12
4/18/2020,Madison,0500000US36053,105,1,3
4/18/2020,St. Lawrence,0500000US36089,98,1,7
4/18/2020,Warren,0500000US36113,94,5,42
4/18/2020,Genesee,0500000US36037,87,2,15
4/18/2020,Greene,0500000US36039,82,0,8
4/18/2020,Chenango,0500000US36017,77,0,1
4/18/2020,Chemung,0500000US36015,72,2,30
4/18/2020,Ontario,0500000US36069,69,2,26
4/18/2020,Washington,0500000US36115,52,0,4
4/18/2020,Jefferson,0500000US36045,50,0,12
4/18/2020,Delaware,0500000US36025,49,0,4
4/18/2020,Wayne,0500000US36117,49,0,8
4/18/2020,Clinton,0500000US36019,48,3,58
4/18/2020,Herkimer,0500000US36043,47,1,18
4/18/2020,Otsego,0500000US36077,47,4,6
4/18/2020,Oswego,0500000US36075,45,0,30
4/18/2020,Orleans,0500000US36073,41,0,2
4/18/2020,Livingston,0500000US36051,37,1,7
4/18/2020,Cayuga,0500000US36011,36,1,12
4/18/2020,Wyoming,0500000US36121,36,3,10
4/18/2020,Cattaraugus,0500000US36009,34,0,15
4/18/2020,Montgomery,0500000US36057,34,1,9
4/18/2020,Tioga,0500000US36107,32,0,14
4/18/2020,Allegany,0500000US36003,30,0,5
4/18/2020,Fulton,0500000US36035,27,0,11
4/18/2020,Chautauqua,0500000US36013,25,1,37
4/18/2020,Cortland,0500000US36023,25,0,17
4/18/2020,Essex,0500000US36031,22,0,7
4/18/2020,Schoharie,0500000US36095,20,0,147
4/18/2020,Seneca,0500000US36099,18,1,0
4/18/2020,Franklin,0500000US36033,13,0,0
4/18/2020,Yates,0500000US36123,9,0,4
4/18/2020,Lewis,0500000US36049,8,0,1
4/18/2020,Schuyler,0500000US36097,6,0,3
4/18/2020,Hamilton,0500000US36041,3,0,0
4/17/2020,Nassau,0500000US36059,28539,1356,935
4/17/2020,Bronx,0500000US36005,25470,1726,1
4/17/2020,Kings,0500000US36047,25470,1726,5123
4/17/2020,New York City,0500000US36061,25470,1726,1
4/17/2020,Queens,0500000US36081,25470,1726,2896
4/17/2020,Richmond,0500000US36085,25470,1726,441
4/17/2020,Suffolk,0500000US36103,25035,706,0
4/17/2020,Westchester,0500000US36119,22476,738,0
4/17/2020,Rockland,0500000US36087,8987,234,124
4/17/2020,Orange,0500000US36071,6084,144,177
4/17/2020,Dutchess,0500000US36027,2142,45,139
4/17/2020,Erie,0500000US36029,1929,115,1004
4/17/2020,Monroe,0500000US36055,975,49,464
4/17/2020,Ulster,0500000US36111,788,2,192
4/17/2020,Albany,0500000US36001,619,26,244
4/17/2020,Putnam,0500000US36079,578,29,45
4/17/2020,Sullivan,0500000US36105,505,7,7
4/17/2020,Onondaga,0500000US36067,483,15,341
4/17/2020,Oneida,0500000US36065,261,4,97
4/17/2020,Schenectady,0500000US36093,250,17,156
4/17/2020,Saratoga,0500000US36091,236,1,13
4/17/2020,Niagara,0500000US36063,227,8,115
4/17/2020,Broome,0500000US36007,178,6,64
4/17/2020,Steuben,0500000US36101,154,5,10
4/17/2020,Rensselaer,0500000US36083,150,9,137
4/17/2020,Tompkins,0500000US36109,117,2,75
4/17/2020,Madison,0500000US36053,105,1,4
4/17/2020,Columbia,0500000US36021,101,13,12
4/17/2020,St. Lawrence,0500000US36089,96,1,6
4/17/2020,Warren,0500000US36113,91,5,39
4/17/2020,Genesee,0500000US36037,83,2,13
4/17/2020,Greene,0500000US36039,77,0,8
4/17/2020,Chenango,0500000US36017,76,0,1
4/17/2020,Chemung,0500000US36015,71,2,23
4/17/2020,Ontario,0500000US36069,67,2,21
4/17/2020,Jefferson,0500000US36045,50,0,11
4/17/2020,Wayne,0500000US36117,49,0,5
4/17/2020,Delaware,0500000US36025,48,0,4
4/17/2020,Washington,0500000US36115,48,0,3
4/17/2020,Clinton,0500000US36019,47,3,48
4/17/2020,Herkimer,0500000US36043,46,1,17
4/17/2020,Oswego,0500000US36075,45,0,28
4/17/2020,Otsego,0500000US36077,44,4,5
4/17/2020,Cayuga,0500000US36011,36,1,11
4/17/2020,Wyoming,0500000US36121,35,3,10
4/17/2020,Cattaraugus,0500000US36009,34,0,12
4/17/2020,Livingston,0500000US36051,34,1,7
4/17/2020,Orleans,0500000US36073,34,0,0
4/17/2020,Montgomery,0500000US36057,33,1,7
4/17/2020,Tioga,0500000US36107,30,0,14
4/17/2020,Allegany,0500000US36003,29,0,4
4/17/2020,Fulton,0500000US36035,27,0,11
4/17/2020,Chautauqua,0500000US36013,25,1,34
4/17/2020,Cortland,0500000US36023,25,0,12
4/17/2020,Schoharie,0500000US36095,20,0,117
4/17/2020,Seneca,0500000US36099,18,1,0
4/17/2020,Essex,0500000US36031,15,0,7
4/17/2020,Franklin,0500000US36033,13,0,0
4/17/2020,Lewis,0500000US36049,8,0,0
4/17/2020,Yates,0500000US36123,8,0,3
4/17/2020,Schuyler,0500000US36097,6,0,3
4/17/2020,Hamilton,0500000US36041,3,0,0
4/16/2020,Nassau,0500000US36059,27772,1356,844
4/16/2020,Bronx,0500000US36005,24629,1726,1
4/16/2020,Kings,0500000US36047,24629,1726,4671
4/16/2020,New York City,0500000US36061,24629,1726,1
4/16/2020,Queens,0500000US36081,24629,1726,2610
4/16/2020,Richmond,0500000US36085,24629,1726,389
4/16/2020,Suffolk,0500000US36103,24182,706,0
4/16/2020,Westchester,0500000US36119,21828,738,0
4/16/2020,Rockland,0500000US36087,8752,234,108
4/16/2020,Orange,0500000US36071,5888,144,172
4/16/2020,Dutchess,0500000US36027,2085,45,123
4/16/2020,Erie,0500000US36029,1850,115,899
4/16/2020,Monroe,0500000US36055,932,49,428
4/16/2020,Ulster,0500000US36111,761,2,185
4/16/2020,Albany,0500000US36001,581,26,222
4/16/2020,Putnam,0500000US36079,573,29,41
4/16/2020,Onondaga,0500000US36067,462,15,290
4/16/2020,Sullivan,0500000US36105,437,7,7
4/16/2020,Oneida,0500000US36065,249,4,83
4/16/2020,Schenectady,0500000US36093,245,17,143
4/16/2020,Saratoga,0500000US36091,231,1,12
4/16/2020,Niagara,0500000US36063,216,8,92
4/16/2020,Broome,0500000US36007,167,6,53
4/16/2020,Steuben,0500000US36101,154,5,7
4/16/2020,Rensselaer,0500000US36083,137,9,123
4/16/2020,Tompkins,0500000US36109,116,2,69
4/16/2020,Madison,0500000US36053,105,1,4
4/16/2020,Columbia,0500000US36021,99,13,11
4/16/2020,St. Lawrence,0500000US36089,93,1,4
4/16/2020,Warren,0500000US36113,81,5,34
4/16/2020,Genesee,0500000US36037,78,2,10
4/16/2020,Greene,0500000US36039,74,0,7
4/16/2020,Chenango,0500000US36017,73,0,1
4/16/2020,Chemung,0500000US36015,70,2,19
4/16/2020,Ontario,0500000US36069,65,2,20
4/16/2020,Wayne,0500000US36117,49,0,5
4/16/2020,Jefferson,0500000US36045,48,0,8
4/16/2020,Delaware,0500000US36025,47,0,4
4/16/2020,Clinton,0500000US36019,46,3,44
4/16/2020,Washington,0500000US36115,46,0,1
4/16/2020,Oswego,0500000US36075,44,0,24
4/16/2020,Otsego,0500000US36077,44,4,5
4/16/2020,Herkimer,0500000US36043,43,1,14
4/16/2020,Cayuga,0500000US36011,36,1,9
4/16/2020,Orleans,0500000US36073,34,0,0
4/16/2020,Wyoming,0500000US36121,34,3,7
4/16/2020,Cattaraugus,0500000US36009,32,0,12
4/16/2020,Livingston,0500000US36051,32,1,6
4/16/2020,Montgomery,0500000US36057,32,1,7
4/16/2020,Allegany,0500000US36003,28,0,3
4/16/2020,Tioga,0500000US36107,27,0,14
4/16/2020,Fulton,0500000US36035,25,0,9
4/16/2020,Chautauqua,0500000US36013,24,1,28
4/16/2020,Cortland,0500000US36023,24,0,9
4/16/2020,Schoharie,0500000US36095,20,0,111
4/16/2020,Seneca,0500000US36099,18,1,0
4/16/2020,Franklin,0500000US36033,13,0,0
4/16/2020,Essex,0500000US36031,12,0,7
4/16/2020,Lewis,0500000US36049,8,0,0
4/16/2020,Yates,0500000US36123,7,0,2
4/16/2020,Schuyler,0500000US36097,6,0,2
4/16/2020,Hamilton,0500000US36041,3,0,0
4/15/2020,Nassau,0500000US36059,26715,1286,748
4/15/2020,Bronx,0500000US36005,23660,1643,1
4/15/2020,Kings,0500000US36047,23660,1643,4154
4/15/2020,New York City,0500000US36061,23660,1643,1
4/15/2020,Queens,0500000US36081,23660,1643,2347
4/15/2020,Richmond,0500000US36085,23660,1643,338
4/15/2020,Suffolk,0500000US36103,23278,663,0
4/15/2020,Westchester,0500000US36119,20947,708,0
4/15/2020,Rockland,0500000US36087,8474,212,101
4/15/2020,Orange,0500000US36071,5716,135,155
4/15/2020,Dutchess,0500000US36027,2048,45,101
4/15/2020,Erie,0500000US36029,1751,110,807
4/15/2020,Monroe,0500000US36055,884,48,363
4/15/2020,Ulster,0500000US36111,733,2,135
4/15/2020,Putnam,0500000US36079,571,28,38
4/15/2020,Albany,0500000US36001,548,26,192
4/15/2020,Onondaga,0500000US36067,449,15,246
4/15/2020,Sullivan,0500000US36105,424,7,6
4/15/2020,Oneida,0500000US36065,246,4,72
4/15/2020,Schenectady,0500000US36093,237,16,124
4/15/2020,Saratoga,0500000US36091,227,1,9
4/15/2020,Niagara,0500000US36063,204,6,78
4/15/2020,Broome,0500000US36007,153,6,46
4/15/2020,Steuben,0500000US36101,151,5,7
4/15/2020,Rensselaer,0500000US36083,124,8,107
4/15/2020,Tompkins,0500000US36109,115,2,58
4/15/2020,Madison,0500000US36053,105,1,3
4/15/2020,Columbia,0500000US36021,96,11,8
4/15/2020,St. Lawrence,0500000US36089,92,1,4
4/15/2020,Warren,0500000US36113,77,4,29
4/15/2020,Genesee,0500000US36037,76,1,10
4/15/2020,Greene,0500000US36039,73,0,5
4/15/2020,Chenango,0500000US36017,71,0,1
4/15/2020,Chemung,0500000US36015,69,2,19
4/15/2020,Ontario,0500000US36069,62,2,19
4/15/2020,Wayne,0500000US36117,48,0,2
4/15/2020,Jefferson,0500000US36045,47,0,8
4/15/2020,Delaware,0500000US36025,46,0,3
4/15/2020,Clinton,0500000US36019,45,3,40
4/15/2020,Otsego,0500000US36077,44,4,4
4/15/2020,Oswego,0500000US36075,42,0,23
4/15/2020,Washington,0500000US36115,42,0,1
4/15/2020,Herkimer,0500000US36043,40,1,9
4/15/2020,Cayuga,0500000US36011,36,1,9
4/15/2020,Wyoming,0500000US36121,34,3,4
4/15/2020,Orleans,0500000US36073,33,0,0
4/15/2020,Cattaraugus,0500000US36009,32,0,12
4/15/2020,Montgomery,0500000US36057,32,1,6
4/15/2020,Livingston,0500000US36051,31,1,5
4/15/2020,Allegany,0500000US36003,28,0,2
4/15/2020,Tioga,0500000US36107,25,0,14
4/15/2020,Chautauqua,0500000US36013,24,1,22
4/15/2020,Fulton,0500000US36035,24,0,6
4/15/2020,Cortland,0500000US36023,23,0,7
4/15/2020,Schoharie,0500000US36095,20,0,101
4/15/2020,Seneca,0500000US36099,18,1,0
4/15/2020,Franklin,0500000US36033,13,0,0
4/15/2020,Essex,0500000US36031,12,0,6
4/15/2020,Lewis,0500000US36049,7,0,0
4/15/2020,Schuyler,0500000US36097,6,0,2
4/15/2020,Yates,0500000US36123,6,0,2
4/15/2020,Hamilton,0500000US36041,3,0,0
4/14/2020,Nassau,0500000US36059,25250,1217,645
4/14/2020,Suffolk,0500000US36103,22462,617,0
4/14/2020,Bronx,0500000US36005,22093,1538,1
4/14/2020,Kings,0500000US36047,22093,1538,3618
4/14/2020,New York City,0500000US36061,22093,1538,1
4/14/2020,Queens,0500000US36081,22093,1538,2046
4/14/2020,Richmond,0500000US36085,22093,1538,296
4/14/2020,Westchester,0500000US36119,20191,654,0
4/14/2020,Rockland,0500000US36087,8335,192,86
4/14/2020,Orange,0500000US36071,5578,129,138
4/14/2020,Dutchess,0500000US36027,1934,41,92
4/14/2020,Erie,0500000US36029,1668,99,690
4/14/2020,Monroe,0500000US36055,850,47,329
4/14/2020,Ulster,0500000US36111,690,2,121
4/14/2020,Putnam,0500000US36079,558,27,34
4/14/2020,Albany,0500000US36001,535,21,158
4/14/2020,Onondaga,0500000US36067,431,15,195
4/14/2020,Sullivan,0500000US36105,415,7,6
4/14/2020,Schenectady,0500000US36093,235,12,103
4/14/2020,Oneida,0500000US36065,229,3,65
4/14/2020,Saratoga,0500000US36091,224,1,8
4/14/2020,Niagara,0500000US36063,197,6,70
4/14/2020,Steuben,0500000US36101,147,5,5
4/14/2020,Broome,0500000US36007,146,6,41
4/14/2020,Rensselaer,0500000US36083,120,7,94
4/14/2020,Tompkins,0500000US36109,112,2,48
4/14/2020,Madison,0500000US36053,104,1,3
4/14/2020,St. Lawrence,0500000US36089,92,1,4
4/14/2020,Columbia,0500000US36021,84,10,8
4/14/2020,Warren,0500000US36113,77,3,24
4/14/2020,Genesee,0500000US36037,76,0,9
4/14/2020,Chenango,0500000US36017,68,0,1
4/14/2020,Greene,0500000US36039,66,0,5
4/14/2020,Chemung,0500000US36015,64,2,17
4/14/2020,Ontario,0500000US36069,61,2,19
4/14/2020,Wayne,0500000US36117,48,0,2
4/14/2020,Jefferson,0500000US36045,47,0,8
4/14/2020,Clinton,0500000US36019,45,3,33
4/14/2020,Delaware,0500000US36025,45,0,3
4/14/2020,Otsego,0500000US36077,44,3,4
4/14/2020,Oswego,0500000US36075,41,0,20
4/14/2020,Washington,0500000US36115,40,0,1
4/14/2020,Herkimer,0500000US36043,39,1,6
4/14/2020,Cayuga,0500000US36011,33,1,8
4/14/2020,Cattaraugus,0500000US36009,32,0,10
4/14/2020,Montgomery,0500000US36057,32,1,3
4/14/2020,Wyoming,0500000US36121,32,3,3
4/14/2020,Livingston,0500000US36051,31,1,4
4/14/2020,Orleans,0500000US36073,31,0,0
4/14/2020,Allegany,0500000US36003,28,0,2
4/14/2020,Tioga,0500000US36107,24,0,12
4/14/2020,Chautauqua,0500000US36013,23,1,19
4/14/2020,Cortland,0500000US36023,22,0,4
4/14/2020,Fulton,0500000US36035,22,0,5
4/14/2020,Schoharie,0500000US36095,20,0,93
4/14/2020,Seneca,0500000US36099,18,1,0
4/14/2020,Franklin,0500000US36033,13,0,0
4/14/2020,Essex,0500000US36031,12,0,6
4/14/2020,Lewis,0500000US36049,7,0,0
4/14/2020,Schuyler,0500000US36097,6,0,2
4/14/2020,Yates,0500000US36123,6,0,2
4/14/2020,Hamilton,0500000US36041,3,0,0
4/13/2020,Nassau,0500000US36059,24358,1109,563
4/13/2020,Suffolk,0500000US36103,21643,580,0
4/13/2020,Bronx,0500000US36005,21353,1431,0
4/13/2020,Kings,0500000US36047,21353,1431,3082
4/13/2020,New York City,0500000US36061,21353,1431,1
4/13/2020,Queens,0500000US36081,21353,1431,1765
4/13/2020,Richmond,0500000US36085,21353,1431,253
4/13/2020,Westchester,0500000US36119,19785,610,0
4/13/2020,Rockland,0500000US36087,7965,182,70
4/13/2020,Orange,0500000US36071,5182,122,114
4/13/2020,Dutchess,0500000US36027,1881,37,73
4/13/2020,Erie,0500000US36029,1624,86,600
4/13/2020,Monroe,0500000US36055,823,43,287
4/13/2020,Ulster,0500000US36111,630,2,65
4/13/2020,Putnam,0500000US36079,502,25,28
4/13/2020,Albany,0500000US36001,499,17,126
4/13/2020,Onondaga,0500000US36067,416,13,167
4/13/2020,Sullivan,0500000US36105,380,7,6
4/13/2020,Oneida,0500000US36065,206,3,55
4/13/2020,Schenectady,0500000US36093,204,12,84
4/13/2020,Saratoga,0500000US36091,201,1,7
4/13/2020,Niagara,0500000US36063,189,5,61
4/13/2020,Broome,0500000US36007,133,6,35
4/13/2020,Steuben,0500000US36101,123,5,5
4/13/2020,Rensselaer,0500000US36083,113,6,84
4/13/2020,Tompkins,0500000US36109,110,2,43
4/13/2020,Madison,0500000US36053,101,1,4
4/13/2020,St. Lawrence,0500000US36089,89,1,4
4/13/2020,Columbia,0500000US36021,80,9,7
4/13/2020,Genesee,0500000US36037,71,0,7
4/13/2020,Chenango,0500000US36017,65,0,1
4/13/2020,Chemung,0500000US36015,60,2,16
4/13/2020,Ontario,0500000US36069,57,1,16
4/13/2020,Warren,0500000US36113,48,1,21
4/13/2020,Jefferson,0500000US36045,46,0,8
4/13/2020,Greene,0500000US36039,45,0,3
4/13/2020,Clinton,0500000US36019,44,3,31
4/13/2020,Otsego,0500000US36077,43,3,3
4/13/2020,Delaware,0500000US36025,42,0,2
4/13/2020,Wayne,0500000US36117,42,0,2
4/13/2020,Herkimer,0500000US36043,38,1,6
4/13/2020,Oswego,0500000US36075,38,0,19
4/13/2020,Washington,0500000US36115,37,0,1
4/13/2020,Wyoming,0500000US36121,31,3,1
4/13/2020,Cayuga,0500000US36011,30,1,8
4/13/2020,Livingston,0500000US36051,30,1,4
4/13/2020,Montgomery,0500000US36057,29,1,3
4/13/2020,Cattaraugus,0500000US36009,28,0,5
4/13/2020,Allegany,0500000US36003,26,0,2
4/13/2020,Orleans,0500000US36073,26,0,0
4/13/2020,Chautauqua,0500000US36013,23,1,17
4/13/2020,Fulton,0500000US36035,21,0,4
4/13/2020,Cortland,0500000US36023,20,0,3
4/13/2020,Tioga,0500000US36107,20,0,11
4/13/2020,Seneca,0500000US36099,16,0,0
4/13/2020,Essex,0500000US36031,12,0,4
4/13/2020,Franklin,0500000US36033,12,0,0
4/13/2020,Schoharie,0500000US36095,12,0,80
4/13/2020,Lewis,0500000US36049,6,0,0
4/13/2020,Schuyler,0500000US36097,5,0,2
4/13/2020,Yates,0500000US36123,4,0,1
4/13/2020,Hamilton,0500000US36041,3,0,0
4/12/2020,Nassau,0500000US36059,23553,1030,459
4/12/2020,Suffolk,0500000US36103,20816,529,0
4/12/2020,Bronx,0500000US36005,20642,1343,0
4/12/2020,Kings,0500000US36047,20642,1343,2537
4/12/2020,New York City,0500000US36061,20642,1343,1
4/12/2020,Queens,0500000US36081,20642,1343,1493
4/12/2020,Richmond,0500000US36085,20642,1343,208
4/12/2020,Westchester,0500000US36119,19313,562,0
4/12/2020,Rockland,0500000US36087,7721,166,65
4/12/2020,Orange,0500000US36071,5027,112,92
4/12/2020,Dutchess,0500000US36027,1838,30,64
4/12/2020,Erie,0500000US36029,1571,75,488
4/12/2020,Monroe,0500000US36055,798,42,229
4/12/2020,Ulster,0500000US36111,612,2,56
4/12/2020,Putnam,0500000US36079,497,23,23
4/12/2020,Albany,0500000US36001,478,16,100
4/12/2020,Onondaga,0500000US36067,397,13,137
4/12/2020,Sullivan,0500000US36105,358,7,6
4/12/2020,Schenectady,0500000US36093,199,12,73
4/12/2020,Saratoga,0500000US36091,196,1,7
4/12/2020,Oneida,0500000US36065,195,2,45
4/12/2020,Niagara,0500000US36063,183,5,50
4/12/2020,Broome,0500000US36007,126,6,27
4/12/2020,Steuben,0500000US36101,121,4,4
4/12/2020,Tompkins,0500000US36109,109,2,34
4/12/2020,Rensselaer,0500000US36083,105,6,79
4/12/2020,Madison,0500000US36053,101,1,4
4/12/2020,St. Lawrence,0500000US36089,85,1,3
4/12/2020,Columbia,0500000US36021,79,8,7
4/12/2020,Genesee,0500000US36037,69,0,6
4/12/2020,Chenango,0500000US36017,63,0,1
4/12/2020,Chemung,0500000US36015,60,2,13
4/12/2020,Ontario,0500000US36069,57,1,13
4/12/2020,Jefferson,0500000US36045,46,0,5
4/12/2020,Warren,0500000US36113,46,1,17
4/12/2020,Greene,0500000US36039,44,0,3
4/12/2020,Clinton,0500000US36019,43,2,31
4/12/2020,Otsego,0500000US36077,43,2,3
4/12/2020,Wayne,0500000US36117,42,0,2
4/12/2020,Delaware,0500000US36025,39,0,1
4/12/2020,Oswego,0500000US36075,38,0,17
4/12/2020,Herkimer,0500000US36043,37,1,6
4/12/2020,Washington,0500000US36115,34,0,1
4/12/2020,Wyoming,0500000US36121,31,0,1
4/12/2020,Livingston,0500000US36051,30,1,4
4/12/2020,Cayuga,0500000US36011,29,1,7
4/12/2020,Montgomery,0500000US36057,29,1,3
4/12/2020,Cattaraugus,0500000US36009,28,0,5
4/12/2020,Allegany,0500000US36003,26,0,2
4/12/2020,Orleans,0500000US36073,25,0,0
4/12/2020,Chautauqua,0500000US36013,22,1,15
4/12/2020,Fulton,0500000US36035,21,0,3
4/12/2020,Tioga,0500000US36107,19,0,10
4/12/2020,Cortland,0500000US36023,18,0,2
4/12/2020,Seneca,0500000US36099,16,0,0
4/12/2020,Essex,0500000US36031,12,0,3
4/12/2020,Franklin,0500000US36033,12,0,0
4/12/2020,Schoharie,0500000US36095,12,0,73
4/12/2020,Lewis,0500000US36049,6,0,0
4/12/2020,Schuyler,0500000US36097,5,0,2
4/12/2020,Hamilton,0500000US36041,3,0,0
4/12/2020,Yates,0500000US36123,3,0,0
4/11/2020,Nassau,0500000US36059,22584,965,391
4/11/2020,Suffolk,0500000US36103,19883,469,0
4/11/2020,Bronx,0500000US36005,19662,1240,0
4/11/2020,Kings,0500000US36047,19662,1240,2081
4/11/2020,New York City,0500000US36061,19662,1240,1
4/11/2020,Queens,0500000US36081,19662,1240,1203
4/11/2020,Richmond,0500000US36085,19662,1240,174
4/11/2020,Westchester,0500000US36119,18729,505,0
4/11/2020,Rockland,0500000US36087,7477,153,52
4/11/2020,Orange,0500000US36071,4847,99,84
4/11/2020,Dutchess,0500000US36027,1744,27,59
4/11/2020,Erie,0500000US36029,1472,62,393
4/11/2020,Monroe,0500000US36055,767,42,186
4/11/2020,Ulster,0500000US36111,589,2,51
4/11/2020,Putnam,0500000US36079,494,20,20
4/11/2020,Albany,0500000US36001,446,16,80
4/11/2020,Onondaga,0500000US36067,380,12,117
4/11/2020,Sullivan,0500000US36105,340,7,4
4/11/2020,Schenectady,0500000US36093,194,10,58
4/11/2020,Saratoga,0500000US36091,187,1,5
4/11/2020,Oneida,0500000US36065,181,2,41
4/11/2020,Niagara,0500000US36063,167,2,43
4/11/2020,Steuben,0500000US36101,119,3,3
4/11/2020,Broome,0500000US36007,117,6,22
4/11/2020,Tompkins,0500000US36109,108,0,29
4/11/2020,Madison,0500000US36053,99,1,3
4/11/2020,Rensselaer,0500000US36083,96,4,58
4/11/2020,St. Lawrence,0500000US36089,80,1,3
4/11/2020,Columbia,0500000US36021,77,6,5
4/11/2020,Genesee,0500000US36037,67,0,5
4/11/2020,Chenango,0500000US36017,61,0,0
4/11/2020,Chemung,0500000US36015,60,2,10
4/11/2020,Ontario,0500000US36069,56,0,8
4/11/2020,Jefferson,0500000US36045,44,0,3
4/11/2020,Warren,0500000US36113,44,1,17
4/11/2020,Clinton,0500000US36019,43,0,21
4/11/2020,Otsego,0500000US36077,43,2,2
4/11/2020,Wayne,0500000US36117,42,0,2
4/11/2020,Delaware,0500000US36025,39,0,0
4/11/2020,Greene,0500000US36039,37,0,3
4/11/2020,Herkimer,0500000US36043,37,1,6
4/11/2020,Oswego,0500000US36075,37,0,14
4/11/2020,Washington,0500000US36115,31,0,1
4/11/2020,Wyoming,0500000US36121,31,0,1
4/11/2020,Livingston,0500000US36051,30,1,3
4/11/2020,Montgomery,0500000US36057,29,1,3
4/11/2020,Cayuga,0500000US36011,28,1,6
4/11/2020,Allegany,0500000US36003,26,0,2
4/11/2020,Orleans,0500000US36073,24,0,0
4/11/2020,Chautauqua,0500000US36013,21,1,13
4/11/2020,Fulton,0500000US36035,21,0,3
4/11/2020,Cattaraugus,0500000US36009,19,0,3
4/11/2020,Tioga,0500000US36107,19,0,9
4/11/2020,Cortland,0500000US36023,17,0,2
4/11/2020,Seneca,0500000US36099,16,0,0
4/11/2020,Essex,0500000US36031,12,0,3
4/11/2020,Schoharie,0500000US36095,12,0,65
4/11/2020,Franklin,0500000US36033,11,0,0
4/11/2020,Lewis,0500000US36049,6,0,0
4/11/2020,Schuyler,0500000US36097,5,0,2
4/11/2020,Hamilton,0500000US36041,3,0,0
4/11/2020,Yates,0500000US36123,2,0,0
4/10/2020,Nassau,0500000US36059,21512,890,291
4/10/2020,Suffolk,0500000US36103,18692,425,0
4/10/2020,Bronx,0500000US36005,18477,1133,0
4/10/2020,Kings,0500000US36047,18477,1133,1652
4/10/2020,New York City,0500000US36061,18477,1133,1
4/10/2020,Queens,0500000US36081,18477,1133,887
4/10/2020,Richmond,0500000US36085,18477,1133,129
4/10/2020,Westchester,0500000US36119,18077,428,0
4/10/2020,Rockland,0500000US36087,7122,135,44
4/10/2020,Orange,0500000US36071,4532,91,71
4/10/2020,Dutchess,0500000US36027,1598,25,51
4/10/2020,Erie,0500000US36029,1409,58,303
4/10/2020,Monroe,0500000US36055,742,35,151
4/10/2020,Ulster,0500000US36111,530,2,46
4/10/2020,Putnam,0500000US36079,487,18,13
4/10/2020,Albany,0500000US36001,426,14,62
4/10/2020,Onondaga,0500000US36067,369,11,89
4/10/2020,Sullivan,0500000US36105,318,7,4
4/10/2020,Schenectady,0500000US36093,191,9,42
4/10/2020,Saratoga,0500000US36091,182,1,5
4/10/2020,Oneida,0500000US36065,172,2,33
4/10/2020,Niagara,0500000US36063,156,1,34
4/10/2020,Steuben,0500000US36101,117,3,2
4/10/2020,Broome,0500000US36007,112,6,18
4/10/2020,Tompkins,0500000US36109,105,0,23
4/10/2020,Madison,0500000US36053,99,1,3
4/10/2020,Rensselaer,0500000US36083,91,4,40
4/10/2020,St. Lawrence,0500000US36089,78,1,3
4/10/2020,Columbia,0500000US36021,74,4,4
4/10/2020,Genesee,0500000US36037,65,0,3
4/10/2020,Chenango,0500000US36017,60,0,0
4/10/2020,Chemung,0500000US36015,59,2,8
4/10/2020,Ontario,0500000US36069,51,0,6
4/10/2020,Clinton,0500000US36019,43,0,12
4/10/2020,Jefferson,0500000US36045,43,0,3
4/10/2020,Warren,0500000US36113,43,1,15
4/10/2020,Otsego,0500000US36077,41,2,2
4/10/2020,Wayne,0500000US36117,41,0,2
4/10/2020,Delaware,0500000US36025,39,0,0
4/10/2020,Herkimer,0500000US36043,36,1,6
4/10/2020,Oswego,0500000US36075,36,0,10
4/10/2020,Greene,0500000US36039,34,0,2
4/10/2020,Wyoming,0500000US36121,30,0,1
4/10/2020,Livingston,0500000US36051,29,1,3
4/10/2020,Montgomery,0500000US36057,29,1,2
4/10/2020,Cayuga,0500000US36011,27,1,5
4/10/2020,Allegany,0500000US36003,26,0,2
4/10/2020,Washington,0500000US36115,26,0,1
4/10/2020,Orleans,0500000US36073,24,0,0
4/10/2020,Chautauqua,0500000US36013,20,1,10
4/10/2020,Cattaraugus,0500000US36009,18,0,2
4/10/2020,Fulton,0500000US36035,18,0,3
4/10/2020,Tioga,0500000US36107,18,0,9
4/10/2020,Cortland,0500000US36023,17,0,2
4/10/2020,Seneca,0500000US36099,15,0,0
4/10/2020,Schoharie,0500000US36095,12,0,47
4/10/2020,Franklin,0500000US36033,11,0,0
4/10/2020,Essex,0500000US36031,10,0,3
4/10/2020,Lewis,0500000US36049,6,0,0
4/10/2020,Schuyler,0500000US36097,5,0,2
4/10/2020,Hamilton,0500000US36041,3,0,0
4/10/2020,Yates,0500000US36123,2,0,0
4/9/2020,Nassau,0500000US36059,20140,778,245
4/9/2020,Suffolk,0500000US36103,17413,369,0
4/9/2020,Bronx,0500000US36005,17406,1030,0
4/9/2020,Kings,0500000US36047,17406,1030,1308
4/9/2020,New York City,0500000US36061,17406,1030,1
4/9/2020,Queens,0500000US36081,17406,1030,702
4/9/2020,Richmond,0500000US36085,17406,1030,99
4/9/2020,Westchester,0500000US36119,17004,389,0
4/9/2020,Rockland,0500000US36087,6665,117,29
4/9/2020,Orange,0500000US36071,4090,79,61
4/9/2020,Dutchess,0500000US36027,1493,21,39
4/9/2020,Erie,0500000US36029,1362,46,231
4/9/2020,Monroe,0500000US36055,698,31,127
4/9/2020,Ulster,0500000US36111,460,2,36
4/9/2020,Putnam,0500000US36079,438,16,9
4/9/2020,Albany,0500000US36001,379,12,47
4/9/2020,Onondaga,0500000US36067,358,10,69
4/9/2020,Sullivan,0500000US36105,294,7,3
4/9/2020,Saratoga,0500000US36091,172,1,5
4/9/2020,Schenectady,0500000US36093,167,9,35
4/9/2020,Oneida,0500000US36065,158,2,21
4/9/2020,Niagara,0500000US36063,146,0,26
4/9/2020,Broome,0500000US36007,105,6,15
4/9/2020,Tompkins,0500000US36109,105,0,15
4/9/2020,Madison,0500000US36053,91,1,2
4/9/2020,Steuben,0500000US36101,89,3,1
4/9/2020,Rensselaer,0500000US36083,79,3,27
4/9/2020,St. Lawrence,0500000US36089,76,1,3
4/9/2020,Columbia,0500000US36021,70,4,1
4/9/2020,Chemung,0500000US36015,59,2,6
4/9/2020,Genesee,0500000US36037,56,0,3
4/9/2020,Chenango,0500000US36017,55,0,0
4/9/2020,Ontario,0500000US36069,43,0,6
4/9/2020,Jefferson,0500000US36045,42,0,3
4/9/2020,Clinton,0500000US36019,40,0,9
4/9/2020,Warren,0500000US36113,40,1,10
4/9/2020,Otsego,0500000US36077,39,2,1
4/9/2020,Wayne,0500000US36117,39,0,1
4/9/2020,Delaware,0500000US36025,37,0,0
4/9/2020,Oswego,0500000US36075,36,0,6
4/9/2020,Herkimer,0500000US36043,32,1,5
4/9/2020,Wyoming,0500000US36121,29,0,1
4/9/2020,Greene,0500000US36039,28,0,1
4/9/2020,Montgomery,0500000US36057,28,1,1
4/9/2020,Livingston,0500000US36051,26,1,2
4/9/2020,Washington,0500000US36115,25,0,1
4/9/2020,Allegany,0500000US36003,22,0,2
4/9/2020,Orleans,0500000US36073,22,0,0
4/9/2020,Chautauqua,0500000US36013,18,1,7
4/9/2020,Cattaraugus,0500000US36009,17,0,2
4/9/2020,Tioga,0500000US36107,17,0,9
4/9/2020,Cayuga,0500000US36011,16,1,5
4/9/2020,Cortland,0500000US36023,16,0,1
4/9/2020,Fulton,0500000US36035,15,0,2
4/9/2020,Seneca,0500000US36099,15,0,0
4/9/2020,Schoharie,0500000US36095,12,0,39
4/9/2020,Franklin,0500000US36033,11,0,0
4/9/2020,Essex,0500000US36031,8,0,3
4/9/2020,Lewis,0500000US36049,6,0,0
4/9/2020,Schuyler,0500000US36097,4,0,2
4/9/2020,Hamilton,0500000US36041,3,0,0
4/9/2020,Yates,0500000US36123,1,0,0
4/8/2020,Nassau,0500000US36059,18548,701,172
4/8/2020,Bronx,0500000US36005,16361,914,0
4/8/2020,Kings,0500000US36047,16361,914,915
4/8/2020,New York City,0500000US36061,16361,914,1
4/8/2020,Queens,0500000US36081,16361,914,479
4/8/2020,Richmond,0500000US36085,16361,914,67
4/8/2020,Westchester,0500000US36119,15887,343,0
4/8/2020,Suffolk,0500000US36103,15844,328,0
4/8/2020,Rockland,0500000US36087,6413,98,21
4/8/2020,Orange,0500000US36071,3865,68,33
4/8/2020,Dutchess,0500000US36027,1395,16,26
4/8/2020,Erie,0500000US36029,1205,38,166
4/8/2020,Monroe,0500000US36055,651,27,89
4/8/2020,Ulster,0500000US36111,422,2,16
4/8/2020,Putnam,0500000US36079,403,15,7
4/8/2020,Onondaga,0500000US36067,377,9,55
4/8/2020,Albany,0500000US36001,342,10,25
4/8/2020,Sullivan,0500000US36105,279,7,3
4/8/2020,Saratoga,0500000US36091,167,1,4
4/8/2020,Schenectady,0500000US36093,149,9,22
4/8/2020,Niagara,0500000US36063,143,0,18
4/8/2020,Oneida,0500000US36065,125,2,14
4/8/2020,Tompkins,0500000US36109,102,0,11
4/8/2020,Madison,0500000US36053,92,1,2
4/8/2020,Rensselaer,0500000US36083,91,1,16
4/8/2020,Broome,0500000US36007,88,6,12
4/8/2020,Steuben,0500000US36101,82,3,1
4/8/2020,Columbia,0500000US36021,72,4,1
4/8/2020,St. Lawrence,0500000US36089,69,0,2
4/8/2020,Chemung,0500000US36015,55,1,3
4/8/2020,Chenango,0500000US36017,53,0,0
4/8/2020,Genesee,0500000US36037,47,0,3
4/8/2020,Jefferson,0500000US36045,40,0,1
4/8/2020,Clinton,0500000US36019,39,0,4
4/8/2020,Ontario,0500000US36069,39,0,4
4/8/2020,Wayne,0500000US36117,39,0,0
4/8/2020,Otsego,0500000US36077,38,2,1
4/8/2020,Delaware,0500000US36025,37,0,0
4/8/2020,Oswego,0500000US36075,34,0,6
4/8/2020,Warren,0500000US36113,33,1,10
4/8/2020,Herkimer,0500000US36043,32,1,1
4/8/2020,Livingston,0500000US36051,28,0,2
4/8/2020,Wyoming,0500000US36121,27,0,0
4/8/2020,Greene,0500000US36039,25,0,1
4/8/2020,Allegany,0500000US36003,21,0,1
4/8/2020,Washington,0500000US36115,20,0,0
4/8/2020,Montgomery,0500000US36057,18,1,1
4/8/2020,Chautauqua,0500000US36013,17,1,5
4/8/2020,Cortland,0500000US36023,16,0,1
4/8/2020,Orleans,0500000US36073,16,0,0
4/8/2020,Cattaraugus,0500000US36009,15,0,1
4/8/2020,Cayuga,0500000US36011,15,1,4
4/8/2020,Fulton,0500000US36035,14,0,2
4/8/2020,Schoharie,0500000US36095,12,0,29
4/8/2020,Seneca,0500000US36099,12,0,0
4/8/2020,Tioga,0500000US36107,12,0,9
4/8/2020,Franklin,0500000US36033,10,0,0
4/8/2020,Lewis,0500000US36049,8,0,0
4/8/2020,Essex,0500000US36031,7,0,2
4/8/2020,Schuyler,0500000US36097,4,0,2
4/8/2020,Hamilton,0500000US36041,2,0,0
4/8/2020,Yates,0500000US36123,2,0,0
4/7/2020,Nassau,0500000US36059,16610,620,122
4/7/2020,Suffolk,0500000US36103,15561,266,0
4/7/2020,Bronx,0500000US36005,15375,802,0
4/7/2020,Kings,0500000US36047,15375,802,614
4/7/2020,New York City,0500000US36061,15375,802,1
4/7/2020,Queens,0500000US36081,15375,802,318
4/7/2020,Richmond,0500000US36085,15375,802,46
4/7/2020,Westchester,0500000US36119,14804,304,0
4/7/2020,Rockland,0500000US36087,5990,119,12
4/7/2020,Orange,0500000US36071,3599,76,22
4/7/2020,Dutchess,0500000US36027,1249,15,14
4/7/2020,Erie,0500000US36029,1163,36,112
4/7/2020,Monroe,0500000US36055,596,31,52
4/7/2020,Ulster,0500000US36111,402,5,10
4/7/2020,Onondaga,0500000US36067,377,7,36
4/7/2020,Putnam,0500000US36079,366,13,5
4/7/2020,Albany,0500000US36001,333,9,23
4/7/2020,Sullivan,0500000US36105,270,7,3
4/7/2020,Saratoga,0500000US36091,163,3,1
4/7/2020,Schenectady,0500000US36093,145,8,20
4/7/2020,Niagara,0500000US36063,143,0,9
4/7/2020,Oneida,0500000US36065,118,2,9
4/7/2020,Tompkins,0500000US36109,102,0,9
4/7/2020,Madison,0500000US36053,92,2,3
4/7/2020,Rensselaer,0500000US36083,91,3,8
4/7/2020,Broome,0500000US36007,86,5,7
4/7/2020,Steuben,0500000US36101,79,4,1
4/7/2020,Columbia,0500000US36021,72,3,0
4/7/2020,St. Lawrence,0500000US36089,63,0,2
4/7/2020,Chenango,0500000US36017,51,0,0
4/7/2020,Chemung,0500000US36015,49,0,3
4/7/2020,Jefferson,0500000US36045,39,0,1
4/7/2020,Ontario,0500000US36069,39,0,2
4/7/2020,Clinton,0500000US36019,37,0,1
4/7/2020,Delaware,0500000US36025,36,1,0
4/7/2020,Wayne,0500000US36117,35,0,0
4/7/2020,Oswego,0500000US36075,34,2,5
4/7/2020,Otsego,0500000US36077,34,2,0
4/7/2020,Genesee,0500000US36037,33,1,3
4/7/2020,Herkimer,0500000US36043,32,3,0
4/7/2020,Warren,0500000US36113,31,1,5
4/7/2020,Livingston,0500000US36051,28,1,2
4/7/2020,Greene,0500000US36039,24,0,1
4/7/2020,Wyoming,0500000US36121,23,1,0
4/7/2020,Washington,0500000US36115,19,1,0
4/7/2020,Montgomery,0500000US36057,18,1,1
4/7/2020,Allegany,0500000US36003,17,1,1
4/7/2020,Chautauqua,0500000US36013,16,0,4
4/7/2020,Cortland,0500000US36023,16,0,1
4/7/2020,Orleans,0500000US36073,15,0,0
4/7/2020,Cayuga,0500000US36011,14,1,1
4/7/2020,Cattaraugus,0500000US36009,13,0,1
4/7/2020,Fulton,0500000US36035,13,0,2
4/7/2020,Schoharie,0500000US36095,12,0,18
4/7/2020,Franklin,0500000US36033,10,0,0
4/7/2020,Seneca,0500000US36099,10,0,0
4/7/2020,Tioga,0500000US36107,10,0,8
4/7/2020,Lewis,0500000US36049,8,0,0
4/7/2020,Essex,0500000US36031,7,0,0
4/7/2020,Schuyler,0500000US36097,4,0,2
4/7/2020,Hamilton,0500000US36041,2,0,0
4/7/2020,Yates,0500000US36123,2,0,0
4/6/2020,Nassau,0500000US36059,15616,535,
4/6/2020,Suffolk,0500000US36103,14473,237,
4/6/2020,Bronx,0500000US36005,14436,697,
4/6/2020,Kings,0500000US36047,14436,697,
4/6/2020,New York City,0500000US36061,14436,697,
4/6/2020,Queens,0500000US36081,14436,697,
4/6/2020,Richmond,0500000US36085,14436,697,
4/6/2020,Westchester,0500000US36119,14293,253,
4/6/2020,Rockland,0500000US36087,5703,76,
4/6/2020,Orange,0500000US36071,3397,47,
4/6/2020,Dutchess,0500000US36027,1189,12,
4/6/2020,Erie,0500000US36029,1163,30,
4/6/2020,Monroe,0500000US36055,574,23,
4/6/2020,Ulster,0500000US36111,382,4,
4/6/2020,Onondaga,0500000US36067,377,6,
4/6/2020,Putnam,0500000US36079,345,12,
4/6/2020,Albany,0500000US36001,319,9,
4/6/2020,Sullivan,0500000US36105,259,7,
4/6/2020,Saratoga,0500000US36091,153,1,
4/6/2020,Schenectady,0500000US36093,138,7,
4/6/2020,Niagara,0500000US36063,130,0,
4/6/2020,Oneida,0500000US36065,100,2,
4/6/2020,Tompkins,0500000US36109,98,0,
4/6/2020,Madison,0500000US36053,92,2,
4/6/2020,Rensselaer,0500000US36083,78,1,
4/6/2020,Broome,0500000US36007,76,5,
4/6/2020,Steuben,0500000US36101,73,4,
4/6/2020,Columbia,0500000US36021,70,3,
4/6/2020,St. Lawrence,0500000US36089,63,0,
4/6/2020,Chemung,0500000US36015,47,0,
4/6/2020,Chenango,0500000US36017,46,0,
4/6/2020,Ontario,0500000US36069,39,0,
4/6/2020,Clinton,0500000US36019,36,0,
4/6/2020,Otsego,0500000US36077,34,2,
4/6/2020,Wayne,0500000US36117,34,0,
4/6/2020,Jefferson,0500000US36045,33,0,
4/6/2020,Oswego,0500000US36075,33,2,
4/6/2020,Delaware,0500000US36025,32,1,
4/6/2020,Greene,0500000US36039,27,0,
4/6/2020,Livingston,0500000US36051,26,1,
4/6/2020,Warren,0500000US36113,26,1,
4/6/2020,Herkimer,0500000US36043,25,3,
4/6/2020,Genesee,0500000US36037,23,1,
4/6/2020,Wyoming,0500000US36121,23,1,
4/6/2020,Washington,0500000US36115,19,1,
4/6/2020,Allegany,0500000US36003,17,1,
4/6/2020,Cattaraugus,0500000US36009,15,0,
4/6/2020,Chautauqua,0500000US36013,15,0,
4/6/2020,Cortland,0500000US36023,15,0,
4/6/2020,Montgomery,0500000US36057,15,1,
4/6/2020,Orleans,0500000US36073,13,0,
4/6/2020,Cayuga,0500000US36011,11,1,
4/6/2020,Schoharie,0500000US36095,11,0,
4/6/2020,Franklin,0500000US36033,10,0,
4/6/2020,Fulton,0500000US36035,9,0,
4/6/2020,Seneca,0500000US36099,9,0,
4/6/2020,Tioga,0500000US36107,9,0,
4/6/2020,Lewis,0500000US36049,8,0,
4/6/2020,Essex,0500000US36031,7,0,
4/6/2020,Schuyler,0500000US36097,4,0,
4/6/2020,Hamilton,0500000US36041,2,0,
4/6/2020,Yates,0500000US36123,2,0,
4/5/2020,Nassau,0500000US36059,14398,396,
4/5/2020,Westchester,0500000US36119,13722,197,
4/5/2020,Bronx,0500000US36005,13510,494,
4/5/2020,Kings,0500000US36047,13510,494,
4/5/2020,New York City,0500000US36061,13510,494,
4/5/2020,Queens,0500000US36081,13510,494,
4/5/2020,Richmond,0500000US36085,13510,494,
4/5/2020,Suffolk,0500000US36103,12933,175,
4/5/2020,Rockland,0500000US36087,5362,69,
4/5/2020,Orange,0500000US36071,3102,51,
4/5/2020,Dutchess,0500000US36027,1077,11,
4/5/2020,Erie,0500000US36029,1059,27,
4/5/2020,Monroe,0500000US36055,548,19,
4/5/2020,Ulster,0500000US36111,358,4,
4/5/2020,Onondaga,0500000US36067,349,4,
4/5/2020,Putnam,0500000US36079,314,9,
4/5/2020,Albany,0500000US36001,305,8,
4/5/2020,Sullivan,0500000US36105,234,5,
4/5/2020,Saratoga,0500000US36091,148,1,
4/5/2020,Schenectady,0500000US36093,128,7,
4/5/2020,Niagara,0500000US36063,116,0,
4/5/2020,Tompkins,0500000US36109,95,0,
4/5/2020,Madison,0500000US36053,89,2,
4/5/2020,Oneida,0500000US36065,87,2,
4/5/2020,Rensselaer,0500000US36083,74,1,
4/5/2020,Broome,0500000US36007,71,4,
4/5/2020,Steuben,0500000US36101,64,1,
4/5/2020,Columbia,0500000US36021,61,3,
4/5/2020,St. Lawrence,0500000US36089,58,0,
4/5/2020,Chenango,0500000US36017,43,0,
4/5/2020,Chemung,0500000US36015,38,0,
4/5/2020,Ontario,0500000US36069,35,0,
4/5/2020,Clinton,0500000US36019,33,0,
4/5/2020,Wayne,0500000US36117,32,0,
4/5/2020,Delaware,0500000US36025,30,1,
4/5/2020,Oswego,0500000US36075,30,2,
4/5/2020,Otsego,0500000US36077,29,2,
4/5/2020,Greene,0500000US36039,27,0,
4/5/2020,Jefferson,0500000US36045,26,0,
4/5/2020,Warren,0500000US36113,25,1,
4/5/2020,Genesee,0500000US36037,22,1,
4/5/2020,Herkimer,0500000US36043,22,3,
4/5/2020,Wyoming,0500000US36121,22,1,
4/5/2020,Livingston,0500000US36051,19,1,
4/5/2020,Washington,0500000US36115,18,1,
4/5/2020,Allegany,0500000US36003,16,1,
4/5/2020,Montgomery,0500000US36057,15,1,
4/5/2020,Cortland,0500000US36023,14,0,
4/5/2020,Chautauqua,0500000US36013,12,0,
4/5/2020,Orleans,0500000US36073,11,0,
4/5/2020,Schoharie,0500000US36095,11,0,
4/5/2020,Cattaraugus,0500000US36009,10,0,
4/5/2020,Franklin,0500000US36033,10,0,
4/5/2020,Fulton,0500000US36035,9,0,
4/5/2020,Seneca,0500000US36099,9,0,
4/5/2020,Cayuga,0500000US36011,8,0,
4/5/2020,Lewis,0500000US36049,8,0,
4/5/2020,Tioga,0500000US36107,8,0,
4/5/2020,Essex,0500000US36031,7,0,
4/5/2020,Schuyler,0500000US36097,4,0,
4/5/2020,Hamilton,0500000US36041,2,0,
4/5/2020,Yates,0500000US36123,2,0,
4/4/2020,Nassau,0500000US36059,13346,396,
4/4/2020,Westchester,0500000US36119,13080,197,
4/4/2020,Bronx,0500000US36005,12661,451,
4/4/2020,Kings,0500000US36047,12661,451,
4/4/2020,New York City,0500000US36061,12661,451,
4/4/2020,Queens,0500000US36081,12661,451,
4/4/2020,Richmond,0500000US36085,12661,451,
4/4/2020,Suffolk,0500000US36103,12328,175,
4/4/2020,Rockland,0500000US36087,4872,69,
4/4/2020,Orange,0500000US36071,2741,51,
4/4/2020,Erie,0500000US36029,945,26,
4/4/2020,Dutchess,0500000US36027,938,11,
4/4/2020,Monroe,0500000US36055,512,17,
4/4/2020,Onondaga,0500000US36067,349,4,
4/4/2020,Ulster,0500000US36111,318,4,
4/4/2020,Albany,0500000US36001,293,6,
4/4/2020,Putnam,0500000US36079,283,9,
4/4/2020,Sullivan,0500000US36105,193,5,
4/4/2020,Saratoga,0500000US36091,141,1,
4/4/2020,Schenectady,0500000US36093,117,6,
4/4/2020,Niagara,0500000US36063,103,0,
4/4/2020,Tompkins,0500000US36109,87,0,
4/4/2020,Oneida,0500000US36065,80,2,
4/4/2020,Madison,0500000US36053,77,2,
4/4/2020,Rensselaer,0500000US36083,73,1,
4/4/2020,Broome,0500000US36007,65,4,
4/4/2020,Steuben,0500000US36101,64,1,
4/4/2020,Columbia,0500000US36021,61,3,
4/4/2020,St. Lawrence,0500000US36089,58,0,
4/4/2020,Chenango,0500000US36017,39,0,
4/4/2020,Chemung,0500000US36015,36,0,
4/4/2020,Ontario,0500000US36069,35,0,
4/4/2020,Clinton,0500000US36019,31,0,
4/4/2020,Delaware,0500000US36025,30,1,
4/4/2020,Oswego,0500000US36075,30,2,
4/4/2020,Wayne,0500000US36117,30,0,
4/4/2020,Greene,0500000US36039,27,0,
4/4/2020,Otsego,0500000US36077,26,2,
4/4/2020,Herkimer,0500000US36043,22,3,
4/4/2020,Genesee,0500000US36037,21,1,
4/4/2020,Jefferson,0500000US36045,20,0,
4/4/2020,Warren,0500000US36113,20,1,
4/4/2020,Livingston,0500000US36051,18,1,
4/4/2020,Wyoming,0500000US36121,18,1,
4/4/2020,Washington,0500000US36115,17,1,
4/4/2020,Allegany,0500000US36003,16,1,
4/4/2020,Cortland,0500000US36023,14,0,
4/4/2020,Montgomery,0500000US36057,13,1,
4/4/2020,Chautauqua,0500000US36013,12,0,
4/4/2020,Schoharie,0500000US36095,11,0,
4/4/2020,Franklin,0500000US36033,10,0,
4/4/2020,Orleans,0500000US36073,10,0,
4/4/2020,Fulton,0500000US36035,9,0,
4/4/2020,Cattaraugus,0500000US36009,8,0,
4/4/2020,Cayuga,0500000US36011,8,0,
4/4/2020,Tioga,0500000US36107,8,0,
4/4/2020,Essex,0500000US36031,7,0,
4/4/2020,Seneca,0500000US36099,6,0,
4/4/2020,Lewis,0500000US36049,5,0,
4/4/2020,Schuyler,0500000US36097,4,0,
4/4/2020,Hamilton,0500000US36041,2,0,
4/4/2020,Yates,0500000US36123,2,0,
4/3/2020,Westchester,0500000US36119,12350,67,
4/3/2020,Nassau,0500000US36059,12024,138,
4/3/2020,Bronx,0500000US36005,11432,373,
4/3/2020,Kings,0500000US36047,11432,373,
4/3/2020,New York City,0500000US36061,11432,373,
4/3/2020,Queens,0500000US36081,11432,373,
4/3/2020,Richmond,0500000US36085,11432,373,
4/3/2020,Suffolk,0500000US36103,10154,96,
4/3/2020,Rockland,0500000US36087,4289,42,
4/3/2020,Orange,0500000US36071,2397,30,
4/3/2020,Dutchess,0500000US36027,809,9,
4/3/2020,Erie,0500000US36029,802,22,
4/3/2020,Monroe,0500000US36055,464,14,
4/3/2020,Onondaga,0500000US36067,301,2,
4/3/2020,Albany,0500000US36001,267,4,
4/3/2020,Ulster,0500000US36111,243,3,
4/3/2020,Putnam,0500000US36079,236,0,
4/3/2020,Sullivan,0500000US36105,156,5,
4/3/2020,Saratoga,0500000US36091,132,1,
4/3/2020,Schenectady,0500000US36093,101,5,
4/3/2020,Niagara,0500000US36063,91,0,
4/3/2020,Tompkins,0500000US36109,87,0,
4/3/2020,Madison,0500000US36053,77,2,
4/3/2020,Rensselaer,0500000US36083,71,1,
4/3/2020,Oneida,0500000US36065,68,1,
4/3/2020,Steuben,0500000US36101,49,1,
4/3/2020,Broome,0500000US36007,46,4,
4/3/2020,St. Lawrence,0500000US36089,42,0,
4/3/2020,Columbia,0500000US36021,41,2,
4/3/2020,Ontario,0500000US36069,31,0,
4/3/2020,Chenango,0500000US36017,28,0,
4/3/2020,Oswego,0500000US36075,28,2,
4/3/2020,Wayne,0500000US36117,27,0,
4/3/2020,Clinton,0500000US36019,25,0,
4/3/2020,Delaware,0500000US36025,23,1,
4/3/2020,Chemung,0500000US36015,22,0,
4/3/2020,Greene,0500000US36039,21,0,
4/3/2020,Otsego,0500000US36077,21,1,
4/3/2020,Warren,0500000US36113,19,0,
4/3/2020,Livingston,0500000US36051,18,1,
4/3/2020,Genesee,0500000US36037,17,1,
4/3/2020,Herkimer,0500000US36043,16,2,
4/3/2020,Jefferson,0500000US36045,15,0,
4/3/2020,Wyoming,0500000US36121,15,1,
4/3/2020,Washington,0500000US36115,13,0,
4/3/2020,Allegany,0500000US36003,12,1,
4/3/2020,Chautauqua,0500000US36013,10,1,
4/3/2020,Cortland,0500000US36023,10,0,
4/3/2020,Franklin,0500000US36033,9,0,
4/3/2020,Cattaraugus,0500000US36009,8,0,
4/3/2020,Montgomery,0500000US36057,8,0,
4/3/2020,Schoharie,0500000US36095,8,0,
4/3/2020,Tioga,0500000US36107,8,0,
4/3/2020,Cayuga,0500000US36011,6,0,
4/3/2020,Essex,0500000US36031,6,0,
4/3/2020,Fulton,0500000US36035,6,0,
4/3/2020,Orleans,0500000US36073,6,0,
4/3/2020,Seneca,0500000US36099,5,0,
4/3/2020,Lewis,0500000US36049,3,0,
4/3/2020,Schuyler,0500000US36097,3,0,
4/3/2020,Hamilton,0500000US36041,2,0,
4/3/2020,Yates,0500000US36123,2,0,
4/2/2020,Westchester,0500000US36119,11566,67,
4/2/2020,Nassau,0500000US36059,10587,95,
4/2/2020,Bronx,0500000US36005,10362,312,
4/2/2020,Kings,0500000US36047,10362,312,
4/2/2020,New York City,0500000US36061,10362,312,
4/2/2020,Queens,0500000US36081,10362,312,
4/2/2020,Richmond,0500000US36085,10362,312,
4/2/2020,Suffolk,0500000US36103,8746,84,
4/2/2020,Rockland,0500000US36087,3751,42,
4/2/2020,Orange,0500000US36071,2048,30,
4/2/2020,Erie,0500000US36029,734,19,
4/2/2020,Dutchess,0500000US36027,667,9,
4/2/2020,Monroe,0500000US36055,420,10,
4/2/2020,Onondaga,0500000US36067,301,2,
4/2/2020,Albany,0500000US36001,253,2,
4/2/2020,Ulster,0500000US36111,243,3,
4/2/2020,Putnam,0500000US36079,236,0,
4/2/2020,Sullivan,0500000US36105,156,5,
4/2/2020,Saratoga,0500000US36091,132,1,
4/2/2020,Schenectady,0500000US36093,101,5,
4/2/2020,Niagara,0500000US36063,91,0,
4/2/2020,Tompkins,0500000US36109,87,0,
4/2/2020,Madison,0500000US36053,77,2,
4/2/2020,Oneida,0500000US36065,68,1,
4/2/2020,Rensselaer,0500000US36083,67,1,
4/2/2020,Steuben,0500000US36101,49,1,
4/2/2020,Broome,0500000US36007,46,4,
4/2/2020,St. Lawrence,0500000US36089,42,0,
4/2/2020,Columbia,0500000US36021,41,2,
4/2/2020,Ontario,0500000US36069,31,0,
4/2/2020,Chenango,0500000US36017,28,0,
4/2/2020,Oswego,0500000US36075,28,2,
4/2/2020,Wayne,0500000US36117,27,0,
4/2/2020,Clinton,0500000US36019,25,0,
4/2/2020,Delaware,0500000US36025,23,1,
4/2/2020,Chemung,0500000US36015,22,0,
4/2/2020,Greene,0500000US36039,21,0,
4/2/2020,Otsego,0500000US36077,21,1,
4/2/2020,Warren,0500000US36113,19,0,
4/2/2020,Livingston,0500000US36051,18,1,
4/2/2020,Genesee,0500000US36037,17,1,
4/2/2020,Herkimer,0500000US36043,16,2,
4/2/2020,Jefferson,0500000US36045,15,0,
4/2/2020,Wyoming,0500000US36121,15,1,
4/2/2020,Washington,0500000US36115,13,0,
4/2/2020,Allegany,0500000US36003,12,1,
4/2/2020,Chautauqua,0500000US36013,10,1,
4/2/2020,Cortland,0500000US36023,10,0,
4/2/2020,Franklin,0500000US36033,9,0,
4/2/2020,Cattaraugus,0500000US36009,8,0,
4/2/2020,Montgomery,0500000US36057,8,0,
4/2/2020,Schoharie,0500000US36095,8,0,
4/2/2020,Tioga,0500000US36107,8,0,
4/2/2020,Cayuga,0500000US36011,6,0,
4/2/2020,Essex,0500000US36031,6,0,
4/2/2020,Fulton,0500000US36035,6,0,
4/2/2020,Orleans,0500000US36073,6,0,
4/2/2020,Seneca,0500000US36099,5,0,
4/2/2020,Lewis,0500000US36049,3,0,
4/2/2020,Schuyler,0500000US36097,3,0,
4/2/2020,Hamilton,0500000US36041,2,0,
4/2/2020,Yates,0500000US36123,2,0,
4/2/2020,Yates,0500000US36123,0,0,
4/1/2020,Westchester,0500000US36119,10683,25,
4/1/2020,Nassau,0500000US36059,9555,76,
4/1/2020,Bronx,0500000US36005,9488,275,
4/1/2020,Kings,0500000US36047,9488,275,
4/1/2020,New York City,0500000US36061,9488,275,
4/1/2020,Queens,0500000US36081,9488,275,
4/1/2020,Richmond,0500000US36085,9488,275,
4/1/2020,Suffolk,0500000US36103,7605,69,
4/1/2020,Rockland,0500000US36087,3321,29,
4/1/2020,Orange,0500000US36071,1756,25,
4/1/2020,Erie,0500000US36029,553,12,
4/1/2020,Dutchess,0500000US36027,547,5,
4/1/2020,Monroe,0500000US36055,349,9,
4/1/2020,Onondaga,0500000US36067,249,1,
4/1/2020,Albany,0500000US36001,240,2,
4/1/2020,Ulster,0500000US36111,222,3,
4/1/2020,Putnam,0500000US36079,207,0,
4/1/2020,Saratoga,0500000US36091,122,1,
4/1/2020,Sullivan,0500000US36105,121,4,
4/1/2020,Schenectady,0500000US36093,93,0,
4/1/2020,Tompkins,0500000US36109,68,0,
4/1/2020,Madison,0500000US36053,67,2,
4/1/2020,Rensselaer,0500000US36083,60,0,
4/1/2020,Oneida,0500000US36065,50,1,
4/1/2020,Niagara,0500000US36063,46,0,
4/1/2020,Broome,0500000US36007,42,4,
4/1/2020,Columbia,0500000US36021,41,1,
4/1/2020,Steuben,0500000US36101,38,0,
4/1/2020,St. Lawrence,0500000US36089,34,0,
4/1/2020,Chenango,0500000US36017,26,0,
4/1/2020,Clinton,0500000US36019,25,0,
4/1/2020,Ontario,0500000US36069,24,0,
4/1/2020,Wayne,0500000US36117,24,0,
4/1/2020,Chemung,0500000US36015,22,0,
4/1/2020,Delaware,0500000US36025,20,0,
4/1/2020,Otsego,0500000US36077,19,1,
4/1/2020,Greene,0500000US36039,18,0,
4/1/2020,Warren,0500000US36113,18,0,
4/1/2020,Oswego,0500000US36075,17,2,
4/1/2020,Herkimer,0500000US36043,16,2,
4/1/2020,Livingston,0500000US36051,14,0,
4/1/2020,Genesee,0500000US36037,13,1,
4/1/2020,Jefferson,0500000US36045,12,0,
4/1/2020,Allegany,0500000US36003,10,1,
4/1/2020,Chautauqua,0500000US36013,10,1,
4/1/2020,Cortland,0500000US36023,10,0,
4/1/2020,Washington,0500000US36115,10,0,
4/1/2020,Wyoming,0500000US36121,10,1,
4/1/2020,Franklin,0500000US36033,9,0,
4/1/2020,Schoharie,0500000US36095,8,0,
4/1/2020,Cattaraugus,0500000US36009,7,0,
4/1/2020,Montgomery,0500000US36057,7,0,
4/1/2020,Tioga,0500000US36107,7,0,
4/1/2020,Essex,0500000US36031,6,0,
4/1/2020,Orleans,0500000US36073,6,0,
4/1/2020,Cayuga,0500000US36011,3,0,
4/1/2020,Fulton,0500000US36035,2,0,
4/1/2020,Hamilton,0500000US36041,2,0,
4/1/2020,Lewis,0500000US36049,2,0,
4/1/2020,Schuyler,0500000US36097,2,0,
4/1/2020,Seneca,0500000US36099,2,0,
